1,Benoite,Murrie,Eustachys floridana Chapm.
2,Deeyn,Matthias,Hieracium aurantiacum L.
3,Silvia,Agnew,Nassella trichotoma (Nees) Hack.
4,Maura,Wringe,Calylophus Spach
5,Farica,Oxherd,Rhynchosia Lour.
6,Steven,Jesson,Sprekelia formosissima (L.) Herb.
7,Omar,Callway,Dioscorea elephantipes (L'Hér.) Engl.
8,Roth,Kringe,Pseudognaphalium helleri (Britton) Anderb. ssp. helleri
9,Emily,Yitzovicz,Punctelia semansiana (W.L. Culb. & C.F. Culb.) Krog
10,Anastasie,Summerson,Cereus Mill.
11,Corella,Gamage,Usnea confusa Asah.
12,Cleavland,Staresmeare,Sagittaria brevirostra Mack. & Bush
13,Letty,Fussie,Mycobilimbia Rehm
14,Angelica,Oddie,Sphaeralcea grossulariifolia (Hook. & Arn.) Rydb. ssp. grossulariifolia
15,Burk,De Witt,Plumeria L.
16,Ahmed,Kiddey,Dalbergia tucurensis Donn. Sm.
17,Max,Fasham,Oxalis drummondii A. Gray
18,Isa,Gowan,Abronia ammophila Greene
19,Burke,Sargint,Gymnosperma Less.
20,Jillayne,Goodin,Anthurium cordatum (L.) Schott
21,Hieronymus,Illes,Bromus diandrus Roth ssp. diandrus
22,Yolanda,Howselee,Echinocereus berlandieri (Engelm.) Haage
23,Wayne,Wardel,Mentzelia mexicana H.J. Thomp. & Zavort.
24,Anson,Halfhide,Ramalina subpellucida Müll. Arg.
25,Nessa,Moodey,Hymenoxys bigelovii (A. Gray) K.F. Parker
26,Glenn,Rasor,Diellia pallida W.H. Wagner
27,Elly,Hobbema,Apluda mutica L.
28,Dollie,Rapaport,Penstemon attenuatus Douglas ex Lindl. var. militaris (Greene) Cronquist
29,Sherman,Brunone,Atriplex atacamensis Phil.
30,Lonny,Fuggle,Trifolium macraei Hook. & Arn.
31,Dominic,Rougier,Roldana Llave ex Lex.
32,Bennie,Hansed,Kalanchoe beauverdii Hamlet
33,Alexandra,Dowse,Iris tenax Douglas ex Lindl.
34,Libbie,Maggs,Brassica juncea (L.) Czern.
35,Mariann,D'Cruze,Zanthoxylum spinifex (Jacq.) DC.
36,Kat,McMeekin,Aspidotis (Nutt. ex Hook.) Copeland
37,Had,Tolussi,Salix ovalifolia Trautv. var. glacialis (Andersson) Argus
38,Benni,Vizard,Dalea candida Michx. ex Willd. var. candida
39,Asia,Snoden,Pertusaria rhexostoma Nyl.
40,Linnea,Sandars,Caloplaca tornoensis H. Magn.
41,Taite,Hancox,Sticta sylvatica (Huds.) Ach.
42,Adria,Deville,Eriogonum pyrolifolium Hook. var. coryphaeum Torr. & A. Gray
43,Tani,Seebright,Charpentiera ovata Gaudich.
44,Tarrance,Billison,Cyrtandra ×conradtii Rock (pro sp.)
45,Sam,Swinglehurst,Potamogeton ×spathuliformis (J.W. Robbins) Morong (pro sp.)
46,Collie,Addekin,Androstephium coeruleum (Scheele) Greene
47,Isaac,Kimberly,Cathestecum erectum Vasey & Hack.
48,Harriet,Coulthard,Cardamine hirsuta L.
49,Jewel,Dorran,Pavonia corymbosa (Sw.) Willd.
50,Alexis,Corwood,Carex tahoensis Smiley
51,Patricio,Payler,Sageretia minutiflora (Michx.) C. Mohr
52,Vivien,Euels,Trachelospermum difforme (Walter) A. Gray
53,Stanislas,Mandeville,Fraxinus mariesii Hook. f.
54,Raimondo,Tixall,Cucurbita pepo L.
55,Roi,Churchward,Aesculus ×arnoldiana Sarg. [excluded]
56,Zed,Schroeder,Githopsis pulchella Vatke ssp. serpentinicola Morin
57,Crystie,Peppett,Acarospora thamnina (Tuck.) Herre
58,Cesaro,Grew,Saxifraga adscendens L.
59,Morlee,Beevors,Hillebrandia sandwicensis Oliv.
60,Loria,Russan,Symphoricarpos mollis Nutt.
61,Bree,Lias,Polytrichastrum alpinum (Hedw.) G.L. Sm. var. alpinum
62,Guglielma,Durdy,Lomatium tamanitchii Darrach & Thie
63,Kahaleel,Nannetti,Ribes menziesii Pursh var. ixoderme Quick
64,Roderigo,Amos,Castilleja aquariensis N.H. Holmgren
65,Flossy,McGerr,Amorpha canescens Pursh
66,Sybil,Aylwin,Psorotichia hassei Fink
67,Rubia,O'Dee,Thelypodium flexuosum B.L. Rob.
68,Gray,Gremain,Fatsia Decne. & Planch.
69,Greg,Blatcher,Howelliella ovata (Eastw.) Rothm.
70,Lucila,Trowle,Spathodea P. Beauv.
71,Nobe,Hallwood,Hastingsia bracteosa S. Watson var. atropurpurea (Becking) F. Lang & P. Zika
72,Rebecca,Bunyard,Eriophorum brachyantherum Trautv. & C.A. Mey.
73,Cordelia,Bussons,Atriplex graciliflora M.E. Jones
74,Thane,Bandt,Xylorhiza tortifolia (Torr. & A. Gray) Greene var. imberbis (Cronquist) T.J. Watson
75,Michaelina,Leddie,Lechea racemulosa Michx.
76,Had,Shegog,Ruellia caroliniensis (J.F. Gmel.) Steud.
77,Jerrome,Trenchard,Lupinus arizonicus (S. Watson) S. Watson ssp. arizonicus var. arizonicus
78,Eugen,Seeler,Cotoneaster multiflorus Bunge
79,Ruth,Knolles-Green,Arctotheca J.C. Wendl.
80,Cynde,Rainsdon,Thermopsis californica S. Watson
81,Nefen,Lown,Dubautia laxa Hook. & Arn. ssp. laxa
82,Pauletta,Tonbridge,Stachys appalachiana D.B. Poind. & J.B. Nelson
83,Mead,Mayo,Aspicilia contigua (Lynge) J.W. Thomson
84,Rickey,Luthwood,Montia parvifolia (Moc. ex DC.) Greene ssp. flagellaris (Bong.) Ferris
85,Manya,Devey,Euphrasia micrantha Rchb.
86,Tanitansy,Woolfitt,Polytrichum piliferum Hedw.
87,Lydia,Dorsey,Pterocarpus marsupium Roxb.
88,Gan,Mascall,Abildgaardia Vahl
89,Bethina,Castelletto,Entada Adans.
90,Damita,Iacavone,Dichaea pendula (Aubl.) Cogn.
91,Earl,Ilyenko,Veronica scutellata L.
92,Richy,Couttes,Ochrosia haleakalae H. St. John
93,Lilah,Stelfox,Salix scouleriana Barratt ex Hook.
94,Devlin,Humphries,Eriogonum loganum A. Nelson
95,Mathe,Cleeves,Oldenlandia corymbosa L.
96,Nathanael,Filippucci,Eucalyptus sepulcralis F. Muell.
97,Ezra,Godlonton,Afzelia quanzensis Welw.
98,Elladine,Fazan,Carex serpenticola P. Zika
99,Alley,Ales,Solanum pyrifolium Lam.
100,Hatti,Legonidec,Arthrostylidium farctum (Aubl.) Soderstr. & Lourteig.
101,Kendal,Grattage,Plagiobothrys stipitatus (Greene) I.M. Johnst. var. micranthus (Piper) I.M. Johnst.
102,Avictor,Tattersill,Monotropsis reynoldsiae (A. Gray) A. Heller
103,Guss,Troak,Caloplaca insularis Poelt
104,Danette,Alfonsetti,Rorippa columbiae (Suksd. ex B.L. Rob.) Suksd. ex Howell
105,Rance,Mehew,Baptisia calycosa Canby var. villosa Canby
106,Gusti,Winston,Lychnis viscaria L.
107,Lewie,Whatham,Thuidium recognitum (Hedw.) Lindb.
108,Christyna,Woolaston,Xanthium strumarium L.
109,Clark,Blewis,Delphinium bakeri Ewan
110,Howard,Semeniuk,Amsinckia Lehm.
111,Saunders,MacConnel,Lobelia appendiculata A. DC. var. gattingeri (A. Gray) McVaugh
112,Mel,Spilsted,Hypnum cupressiforme Hedw. var. julaceum Brid.
113,Jandy,Maddern,Polanisia dodecandra (L.) DC. ssp. dodecandra
114,Ottilie,Hounson,Scabrethia scabra (Hook.) W.A. Weber ssp. canescens (W.A. Weber) W.A. Weber
115,Dagmar,Buye,Rhododendron oblongifolium (Small) Millais
116,Jelene,Jackett,Cnidoscolus chayamansa McVaugh
117,Christal,Farbrother,Spermolepis divaricata (Walter) Raf. ex Ser.
118,Freedman,Canty,Agalinis tenuifolia (Vahl) Raf.
119,Terry,Flewin,Acrocordia gemmata (Ach.) A. Massal.
120,Therine,Gorey,Dictamnus albus L.
121,Tessi,Hammor,Chamaesyce hepatica (Urb. & Ekman) D.G. Burch
122,Johny,Pessold,Artemisia rothrockii A. Gray
123,Adore,Dilgarno,Houstonia purpurea L. var. purpurea
124,Sela,Muckian,Cryptantha angustifolia (Torr.) Greene
125,Shepherd,Carrivick,Eugenia sessiliflora Vahl
126,Jerrome,Blacktin,Tortella flavovirens (Bruch.) Broth.
127,Nolana,Curado,Senecio flaccidus Less. var. flaccidus
128,Alexis,Innot,Senna italica Mill.
129,Dru,Pittford,Phacelia filiformis Brand
130,Reggie,Hansemann,Stachys pilosa Nutt.
131,Godfry,Lillyman,Pyrenothrix Riddle
132,Jared,McGeachey,Lyonia truncata Urb.
133,Cobbie,Becom,Hypericum dissimulatum E.P. Bicknell
134,Delinda,Zanazzi,Draba oreibata J.F. Macbr. & Payson ex Payson var. oreibata
135,Lexi,Mowles,Epilobium leptophyllum Raf.
136,Evered,Bartolijn,Cotoneaster nitens Rehder & E.H. Wilson
137,Cherri,Vakhonin,Melia azedarach L.
138,Brigida,Ghidetti,Hygrohypnum norvegicum (Schimp.) Amann
139,Myrilla,Bennike,Fothergilla major (Sims) Lodd.
140,Davita,Willacot,Abutilon indicum (L.) Sweet
141,Elijah,Galpen,Eriogonum grande Greene
142,Carlye,Whild,Solidago simplex Kunth ssp. randii (Porter) Ringius var. monticola (Porter) Ringius
143,Vita,Heald,Carex retroflexa Muhl. ex Willd.
144,Zorina,Staker,Agastache pallidiflora (A. Heller) Rydb. ssp. pallidiflora var. pallidiflora
145,Teriann,Cadney,Bellis L.
146,Callie,Martlew,Lesquerella occidentalis S. Watson
147,Washington,Bilbrooke,Pentachaeta aurea Nutt. ssp. aurea
148,Ranee,MacCart,Anisacanthus thurberi (Torr.) A. Gray
149,Gaspar,Brandenburg,Lilium longiflorum Thunb.
150,Marcos,Klimshuk,Mirabilis pudica Barneby
151,Celestina,Demogeot,Wedelia lanceolata DC.
152,Adelina,Jelleman,Prosopis alba Griseb.
153,Janina,Heselwood,Parmotrema louisianae (Hale) Hale
154,Donny,Bartlet,Carex petricosa Dewey var. misandroides (Fernald) B. Boivin
155,Alicia,Caizley,Oeceoclades Lindl.
156,Paxton,Rehor,Ocimum campechianum Mill.
157,Cosimo,Cockling,Aloina aloides (Koch ex Schultz) Kindb. var. ambigua (Bruch & Schimp.) Craig
158,Cally,Tinson,Erythroxylum rotundifolium Lunan
159,Hali,Cluney,Cheirodendron platyphyllum (Hook. & Arn.) Seem. ssp. kauaiense (Krajina) Lowry
160,Vivianne,Hugill,Chelidonium majus L. var. laciniatum (Mill.) Syme
161,Brock,Kubecka,Rhynchospora corymbosa (L.) Britton
162,Jedidiah,Standall,Atriplex welshii C.A. Hanson
163,Muhammad,Kellet,Amphicarpum Kunth
164,Jilli,Chappel,Arceuthobium abietinum (Engelm.) Hawksw. & Wiens
165,Stormie,Baildon,Thesium linophyllon L. [excluded]
166,Derick,Lindop,Clarkia speciosa F.H. Lewis & M.E. Lewis ssp. nitens (F.H. Lewis & M.E. Lewis) Lewis & P.H. Raven
167,Christian,Salmon,Chusquea Kunth
168,Keith,Spearett,Rimularia Nyl.
169,Donella,McKerlie,Physostegia ledinghamii (B. Boivin) Cantino
170,Tommy,Plastow,Rhynchosia americana (Houst. ex Mill.) M.C. Metz
171,Demetria,Lawie,Utricularia inflata Walter
172,Ramon,Peniello,Cannabis sativa L. ssp. indica (Lam.) E. Small & Cronquist
173,Ellene,Beche,Veronica wormskjoldii Roem. & Schult.
174,Murial,Hanford,Abrus precatorius L.
175,Raphael,Duchesne,Tradescantia subaspera Ker Gawl. var. montana (Shuttlw. ex Britton) E.S. Anderson & Woodson
176,Elias,Spottswood,Lesquerella alpina (Nutt.) S. Watson
177,Wait,Sheaber,Eriochloa michauxii (Poir.) Hitchc.
178,Margaux,Chadderton,Buddleja madagascariensis Lam.
179,Candida,Drowsfield,Lonicera subspicata Hook. & Arn. var. subspicata
180,Gusella,Cusworth,Houttuynia Thunb.
181,Raynell,Winyard,Ruellia nudiflora (Engelm. & A. Gray) Urb.
182,Faustine,Hilldrup,Polygala nitida Brandegee
183,Ailey,Newbegin,Hymenophyllum asplenioides (Sw.) Sw.
184,Lind,Broggio,Phyllanthus abnormis Baill. var. riograndensis G.L. Webster
185,Bronny,Kenwood,Hibiscus tiliaceus L.
186,Robena,Fison,Ceanothus ferrisiae McMinn
187,Carol-jean,Sirette,Phacelia bombycina Wooton & Standl.
188,Morie,Camilletti,Cyperus fendlerianus Boeckeler
189,Alanna,Mossman,Paronychia setacea Torr. & A. Gray var. longibracteata Chaudhri
190,Temple,Chugg,Salix petrophila Rydb.
191,Bram,Goulder,Castilleja exserta (A. Heller) T.I. Chuang & Heckard ssp. exserta
192,Eli,Custed,Oxytropis campestris (L.) DC. var. cusickii (Greenm.) Barneby
193,Rosamond,Locock,Eucalyptus gunnii Hook. f.
194,Codi,Dickons,Fissidens bryoides Hedw.
195,Roi,Yeo,Ammoselinum butleri (Engelm. ex S. Watson) J.M. Coult. & Rose
196,Stacee,Russo,Lithospermum caroliniense (Walter ex J.F. Gmel.) MacMill.
197,Raymund,Trott,Antennaria argentea Benth.
198,Kalindi,Tookey,Prunus umbellata Elliott var. injuncunda (Small) Sarg.
199,Sauveur,Eplate,Adenostemma lavenia (L.) Kuntze
200,Elvyn,Faustin,Fryxellia D.M. Bates
201,Harbert,Trevains,Viola ×robinsoniana House
202,Brandtr,Mazzey,Dysphania graveolens (Willd.) Mosyakin & Clemants
203,Johnath,Gun,Trientalis borealis Raf.
204,Magdalena,Worledge,Mentzelia conspicua T.K. Todsen
205,Guglielmo,Nelligan,Lecidea phaeops Nyl.
206,Netta,Temblett,Hymenopappus flavescens A. Gray var. canotomentosus A. Gray
207,Bonnie,Chipping,Eurybia mirabilis (Torr. & A. Gray) G.L. Nesom
208,Cilka,Sictornes,Hymenoclea salsola Torr. & A. Gray var. fasciculata (A. Nelson) K.M. Peterson & Payne
209,Deni,Birrel,Hilaria Kunth
210,Riva,Mosdill,Lycium cooperi A. Gray
211,Jessie,Brockest,Galium brevipes Fernald & Wiegand
212,Ninetta,Akeherst,Agrostemma L.
213,Brennan,Vassman,Asclepias cinerea Walter
214,Ty,Bowick,Aliciella subacaulis (Rydb.) J.M. Porter & L.A. Johnson
215,Jen,Leopold,Drypetes glauca Vahl
216,Blayne,Glenwright,Koellensteinia Rchb. f.
217,Dominique,Bergstrand,Andreaea rothii F. Weber & D. Mohr var. papillosa Müll. Hal.
218,Merl,Broadnicke,Erythrina L.
219,Henrik,Geeves,×Elyhordeum macounii (Vasey) Barkworth & D.R. Dewey
220,Lacie,Randal,Galearis spectabilis (L.) Raf.
221,Wolfy,De Angelis,Crotalaria cunninghamii R. Br.
222,Marmaduke,Frame,Rosa sempervirens L.
223,Axe,Milillo,Carya ×dunbarii Sarg.
224,Yolanthe,Dugdale,Eriophorum altaicum Meinsh. var. neogaeum Raymond
225,Godard,Coucher,Lupinus arbustus Douglas ex Lindl. ssp. arbustus var. arbustus
226,Helen,Cufley,Descurainia paradisa (A. Nelson & Kennedy) O.E. Schulz
227,Forrest,Batteson,Urtica dioica L. ssp. gracilis (Aiton) Seland.
228,Charley,Fetter,Erioneuron pilosum (Buckley) Nash
229,Michal,Blatchford,Eriastrum Wooton & Standl.
230,Lavina,Pendred,Nama aretioides (Hook. & Arn.) Brand var. aretioides
231,Francisca,Fulstow,Erythroxylum novogranatense (Morris) Hieron.
232,Xenia,Vacher,Iris tenuissima Dykes
233,Mariska,Cottem,Chamaesyce chaetocalyx (Boiss.) Wooton & Standl. var. triligulata (L.C. Wheeler) Mayfield
234,Laurens,O'Howbane,Erigeron strigosus Muhl. ex Willd.
235,Sylvia,Ternott,Dopatrium Buch.-Ham. ex Benth.
236,Esmaria,Faulo,Astragalus limnocharis Barneby var. limnocharis
237,Mable,Cocke,Juncus falcatus E. Mey. ssp. sitchensis (Buchenau) Hultén
238,Aguste,Scranny,Mirabilis rotundifolia (Greene) Standl.
239,Rafael,Gash,Epilobium ciliatum Raf.
240,Letta,Staples,Salix ×grayi C.K. Schneid.
241,Rene,Bielfeld,Drimys winteri J.R. Forst. & G. Forst.
242,Giulia,Pentecust,Abronia nana S. Watson var. harrisii S.L. Welsh
243,Manya,Grunwall,Penstemon cyathophorus Rydb.
244,Audi,Boskell,Silene bernardina S. Watson ssp. bernardina
245,Violetta,Awin,Trichophorum alpinum (L.) Pers.
246,Licha,Sheather,Packera neomexicana (A. Gray) W.A. Weber & Á. Löve var. mutabilis (Greene) W.A. Weber & Á. Löve
247,Gram,Dursley,Synthyris laciniata (A. Gray) Rydb.
248,Hirsch,Matsell,Poa laxa Haenke ssp. fernaldiana (Nannf.) Hyl.
249,Marlowe,Ruppertz,Centromadia parryi (Greene) Greene ssp. australis (D.D. Keck) B.G. Baldw.
250,Giustino,Sandars,Gentiana autumnalis L.
251,Tarra,Maile,Sphaeralcea ambigua A. Gray ssp. rugosa Kearney
252,Welbie,Denyakin,Lupinus sparsiflorus Benth. ssp. inopinatus (C.P. Sm.) Dziekanowski & D. Dunn
253,Teodorico,Lubomirski,Amphidium californicum (Hampe ex Müll. Hal.) Broth.
254,Happy,Kittley,Carex hirta L.
255,Leonhard,Deery,Ochrosia compta K. Schum.
256,Kellie,Connors,Giliastrum acerosum (A. Gray) Rydb.
257,Ealasaid,Rosiello,Plagiobothrys tener (Greene) I.M. Johnst. var. tener
258,Claire,Cayet,Leproloma Nyl. ex Crombie
259,Anabelle,Gammel,Peperomia Ruiz & Pav.
260,Hildegarde,Ashbey,Crataegus distincta Kruschke
261,Perry,McCook,Graptophyllum pictum (L.) Griffith
262,Maryrose,Pavlenkov,Salix lucida Muhl.
263,Eward,Di Filippo,Phacelia humilis Torr. & A. Gray var. humilis
264,Paquito,Fashion,Cyperus surinamensis Rottb.
265,Nonna,Scalia,Bacidia kingmanii Hasse
266,Timoteo,Sercombe,Panicum dichotomiflorum Michx. var. puritanorum Svens.
267,Randie,Marushak,Tolumnia bahamensis (Nash ex Britton & Millsp.) G.J. Braem
268,Cory,Kuhnwald,Pinguicula vulgaris L.
269,Ursulina,Turri,Scleria laxa R. Br.
270,Odessa,Fanner,Fimbristylis thermalis S. Watson
271,Serge,Pape,Cyperus cephalanthus Torr. & Hook.
272,Giulio,Mossbee,Penstemon multiflorus Chapm. ex Benth.
273,Gare,Collip,Ivesia rhypara Ertter & Reveal var. rhypara
274,Betteanne,Velez,Chrysobalanus icaco L.
275,Nikolaos,Pirrie,Salvia hierosolymitana Boiss.
276,Selle,Iltchev,Machaeranthera canescens (Pursh) A. Gray ssp. canescens var. ambigua B.L. Turner
277,Jessalyn,Toomey,Trientalis L.
278,Henrik,Pudden,Xylosma buxifolia A. Gray
279,Wallache,Alfonsini,Anoectangium incurvans (Schimp. ex Besch.) E.B. Bartram
280,Delora,Dmytryk,Polygala heterorhyncha (Barneby) T. Wendt
281,Shina,Blune,Claytonia rubra (Howell) Tidestr. ssp. depressa (A. Gray) John M. Mill. & K.L. Chambers
282,Gaby,Heditch,Gymnostomum aeruginosum Sm.
283,Anastasie,Marjot,Trifolium barnebyi (Isely) Dorn & Lichvar
284,Dorey,Jopke,Asplenium acuminatum Hook. & Arn.
285,Freda,Oswick,Veratrum californicum Durand
286,Ardine,Ragge,Stylocline psilocarphoides M. Peck
287,Cary,Ivermee,Astragalus oophorus S. Watson var. caulescens (M.E. Jones) M.E. Jones
288,Kean,Tandy,Entosthodon kochii H.A. Crum & L.E. Anderson
289,Tito,Hatchman,Lecanora microfusca Lynge
290,Loren,Kennelly,Arabis davidsonii Greene var. davidsonii
291,Selby,Streak,Sarcocornia perennis (Mill.) A.J. Scott
292,Gilemette,Hounsom,Iris tectorum Maxim.
293,Aloisia,Minster,Catopsis Griseb.
294,Jerrilee,Biagini,Delphinium viridescens Leiberg
295,Joan,Tarn,Argemone pleiacantha Greene ssp. pleiacantha
296,Hester,Venour,Brosimum alicastrum Sw.
297,Annabela,Jochen,Brachymenium Schwägr.
298,Yankee,Grisard,Viola macloskeyi Lloyd
299,Kathryn,Kumar,Ribes menziesii Pursh
300,Thomasine,Dewane,Wisteria sinensis (Sims) DC.
301,Claudette,Dossett,Cordia sulcata DC.
302,Pepillo,Picot,Bletia florida (Salisb.) R. Br.
303,Paddie,Brittoner,Physaria newberryi A. Gray var. yesicola R.C. Sivinski
304,Chariot,Feander,Tabebuia rigida Urb.
305,Sayer,Grisenthwaite,Bauhinia galpinii N.E. Br.
306,Silvia,Onraet,Utricularia pusilla Vahl
307,Janek,Luckin,Toninia aromatica (Sm.) A. Massal.
308,Ashlie,MacAlees,Tetramolopium lepidotum (Less.) Sherff ssp. arbusculum (A. Gray) Lowrey
309,Shena,Sweed,Pedicularis crenulata Benth.
310,Matti,Jenkins,Hedyotis terminalis (Hook. & Arn.) W.L. Wagner & D.R. Herbst
311,Darryl,Stalman,Polystichum acrostichoides (Michx.) Schott var. acrostichoides
312,Leese,Jaggi,Catapyrenium acarosporoides (Zahlbr.) J.W. Thomson
313,Thorstein,Reimer,Hilaria belangeri (Steud.) Nash
314,Pierre,Burder,Lamium purpureum L.
315,Helen,Clurow,Eriogonum lonchophyllum Torr. & A. Gray var. fendlerianum (Benth.) Reveal
316,Mahala,Jagiela,Vernonia fasciculata Michx. ssp. fasciculata
317,Mervin,Arkley,Carex proposita Mack.
318,Amalia,Woodrow,Trifolium depauperatum Desv. var. depauperatum
319,Beulah,Flippelli,Psoralidium junceum (Eastw.) Rydb.
320,Sheffy,Silmon,Silene parishii S. Watson
321,Kelci,Eplate,Agalinis oligophylla Pennell
322,Lynnell,Janouch,Stenorrhynchos lanceolatum (Aubl.) Rich. var. lanceolatum
323,Goddart,Doge,Rhamnus smithii Greene
324,Barnard,Barnwille,Astragalus wardii A. Gray
325,Rozelle,Knight,Sclerophyton inscriptum (Nyl.) Müll. Arg.
326,Ricard,Caras,Solidago hispida Muhl. ex Willd. var. tonsa Fernald
327,Tiffany,Waith,Coccothrinax Sarg.
328,Hastie,Fritz,Asclepias vestita Hook. & Arn. ssp. vestita
329,Nanine,Gensavage,Paronychia lindheimeri Engelm. ex A. Gray
330,Missie,Alans,Dryas drummondii Richardson ex Hook. var. tomentosa (Farr) L.O. Williams
331,Page,Kilrow,Shortia galacifolia Torr. & A. Gray var. galacifolia
332,Caye,Dowall,Urochloa plantaginea (Link) R. Webster
333,Mary,McGroarty,Dioclea hexandra (Ralph) Mabberley
334,Bobina,Wadelin,Hibiscus tiliaceus L.
335,Ginger,Brettel,Wikstroemia bicornuta Hillebr.
336,Wayland,Berks,Vaccinium angustifolium Aiton
337,Bernadine,Kempson,Muhlenbergia ramulosa (Kunth) Swallen
338,Giulio,Macguire,Perideridia erythrorhiza (Piper) T.I. Chuang & Constance
339,Valeria,Minifie,Monarda punctata L. ssp. punctata var. arkansana (E.M. McClint. & Epling) Shinners
340,Wiatt,Crole,Zelometeorium Man.
341,Reed,Withers,Scadoxus multiflorus (Martyn) Raf. ssp. multiflorus
342,Toiboid,Berick,Comarum L.
343,Avery,Gieves,Glyceria striata (Lam.) Hitchc.
344,Cacilie,Rapo,Ribes nevadense Kellogg
345,Innis,Atkins,Malacothamnus densiflorus (S. Watson) Greene
346,Jud,Burcher,Lesquerella utahensis Rydb.
347,Wynn,MacSharry,Stigmidium marinum (Deakin) Swinscow
348,Sly,Grim,Heliopsis helianthoides (L.) Sweet var. helianthoides
349,Lulu,Gairdner,Betula ×sargentii Dugle
350,Xenia,Earwicker,Salvia greggii A. Gray
351,Imogene,Bischoff,Hibiscus bifurcatus Cav.
352,Pascal,Sundin,Ipomoea pes-caprae (L.) R. Br.
353,Carlen,Flanne,Carex muehlenbergii Schkuhr ex Willd. var. muehlenbergii
354,Theodor,Grimditch,Heliconia subulata Ruiz & Pav.
355,Simona,Cracknell,Claytonia tuberosa Pall. ex Schult. var. czukczorum (Volkova) Hultén
356,Jarrid,Goligher,Physalis walteri Nutt.
357,Christye,Hefford,Stylomecon heterophylla (Benth.) G. Taylor
358,Adrianna,Caillou,Antidesma bunius (L.) Spreng.
359,Kali,Benit,Lupinus magnificus M.E. Jones var. glarecola M.E. Jones
360,Erick,Guichard,Cardamine micranthera Rollins
361,Brunhilde,O'Clery,Huperzia polytrichoides (Kaulf.) Trevis.
362,Christos,Ambrois,Dacryodes excelsa Vahl
363,Benjamin,Kildahl,Chrysothamnus humilis Greene
364,Vicki,Monni,Baptisia lecontei Torr. & A. Gray
365,Reinhard,Pallant,Pannaria hookeri (Borrer ex Sm.) Nyl.
366,Garnet,Spitaro,Chaptalia texana Greene
367,Vicky,Baudinelli,Panicum miliaceum L.
368,Crysta,Draude,Quercus shumardii Buckley
369,Berny,Gabler,Lupinus apertus A. Heller
370,Niall,Hunnawill,Campylostelium Bruch & Schimp.
371,Sheila-kathryn,Thurstan,Lupinus sericeus Pursh ssp. sericeus var. egglestonianus C.P. Sm.
372,Rosamund,Duthy,Astragalus bisulcatus (Hook.) A. Gray var. bisulcatus
373,Cart,Moniker,Magnolia kobus DC.
374,Pooh,Dudden,Lecidea furfurosa Tuck. ex Nyl.
375,Blythe,Banasevich,Tricharia Fée
376,Mel,Chad,Triphysaria versicolor Fisch. & C.A. Mey. ssp. faucibarbatus (A. Gray) T.I. Chuang & Heckard
377,Risa,Lamblot,Polemonium pauciflorum S. Watson
378,Ephraim,Stronack,Lecidea dolodes Nyl.
379,Joellen,Yesenin,Hibiscus elatus Sw.
380,Emmy,Deinert,Hedeoma Pers.
381,Maisey,Brosoli,Grindelia lanceolata Nutt.
382,Jefferey,Fillery,Veronica triphyllos L.
383,Deni,Herculson,Sesuvium microphyllum Willd.
384,Gaylene,Bellworthy,Calepina irregularis (Asso) Thell.
385,Leelah,Storer,Crataegus ×media Bechst.
386,Sileas,Lote,Delphinium depauperatum Nutt.
387,Nataniel,Twiddell,Thelypteris nevadensis (Baker) Clute ex Morton
388,Lindsey,O'Dreain,Zanthoxylum martinicense (Lam.) DC.
389,Domeniga,Usher,Parmeliella arctophila (Th. Fr.) Malme
390,Ivett,Rallings,Ditrichum pallidum (Hedw.) Hampe
391,Ellynn,Mion,Ipomoea tiliacea (Willd.) Choisy
392,Darelle,Ruppel,Opuntia ×wootonii Griffiths
393,Broddy,Spenceley,Dicentra formosa (Haw.) Walp. ssp. oregona (Eastw.) Munz
394,Nilson,de Clerk,Tradescantia roseolens Small
395,Marlee,Okenden,Brunellia comocladiifolia Humb. & Bonpl. ssp. domingensis Cuatrec.
396,Tracie,Mottini,Eschscholzia californica Cham.
397,Elianora,Gurden,Lupinus albicaulis Douglas var. shastensis (A. Heller) C.P. Sm.
398,Claiborne,Beere,Vaccinium ×nubigenum Fernald (pro sp.)
399,Burk,Windridge,Dodecatheon alpinum (A. Gray) Greene ssp. alpinum
400,Thayne,Pidler,Piper blattarum Spreng.
401,Glory,Blind,Juncus diffusissimus Buckley
402,Stinky,Chater,Argemone corymbosa Greene ssp. arenicola G.B. Ownbey
403,Nicoli,Parkin,Ranunculus platensis Spreng.
404,Yorker,Oakenfall,Wikstroemia hanalei Wawra
405,Willdon,Rollings,Luzula forsteri (Sm.) DC.
406,Oates,MacNeice,Symphytum ×uplandicum Nyman (pro sp.)
407,Margalit,Begbie,Verbena californica Moldenke
408,Reidar,Petegrew,Antrophyum cajenense (Desv.) Spreng.
409,Katee,Bezant,Clusia minor L.
410,Vito,Junes,Torreya californica Torr.
411,Terrence,Gurdon,Streptanthus callistus J.L. Morrison
412,Angelico,Asbery,Thelidium minimum (A. Massal. ex Körb.) Arnold
413,Elsworth,Gaythor,Psora montana Timdal
414,Bren,Junkin,Monolopia DC.
415,Waylon,Velten,Lipocarpha drummondii (Nees) G. Tucker
416,Doyle,Scandred,Polygonella parksii Cory
417,Brandise,Choupin,Fraxinus pennsylvanica Marshall
418,Weylin,Franchioni,Omphalora T. Nash & Hafellner
419,Selig,Maruszewski,Acer cissifolium (Siebold & Zucc.) K. Koch
420,Saunders,Stopp,Dalea carthagenensis (Jacq.) J.F. Macbr. var. portoricana Barneby
421,Cristina,Ousbie,Dicranopteris emarginata (T. Moore) W.J. Rob. var. emarginata
422,Kienan,Sate,Potentilla glandulosa Lindl. ssp. glandulosa
423,Godwin,Cazalet,Montia chamissoi (Ledeb. ex Spreng.) Greene
424,Sebastiano,Casarino,Schinopsis haenkeana Engl.
425,Gillian,Pollendine,Lupinus elegans Kunth
426,Ferdie,Meert,Phyllodoce ×intermedia (Hook.) Rydb. (pro sp.)
427,Claiborne,MacGillacolm,Carex tribuloides Wahlenb. var. tribuloides
428,Bruis,Matzeitis,Bromus inermis Leyss.
429,Cyndy,Mickelwright,Filicium decipiens (Wight & Arn.) Thwaites
430,Archambault,Gosselin,Botrychium minganense Victorin
431,Jamey,Ledington,Digitalis purpurea L.
432,Sheelah,McLenaghan,Parmotrema A. Massal.
433,Webb,Neachell,Linum rigidum Pursh var. simulans C.M. Rogers
434,Farrel,Kasman,Phlox mesoleuca Greene
435,Clemence,Hinrichsen,Emex spinosa (L.) Campd.
436,Bartel,Metschke,Navarretia hamata Greene ssp. parviloba Day
437,Kirbee,Culshaw,Cyanea aculeatiflora Rock
438,Kendricks,Albrecht,Rhodiola integrifolia Raf.
439,Herminia,Beatey,Carpenteria californica Torr.
440,Alie,Berget,Platygraphopsis interrupta (Fée) Müll. Arg.
441,Annmarie,Stihl,Epilobium halleanum Hausskn.
442,Alicia,Balaizot,Sullivantia hapemanii (J.M. Coult. & Fisher) J.M. Coult. var. hapemanii
443,Etti,Laurent,Jubaea chilensis (Molina) Baill.
444,Wylie,Chupin,Honckenya peploides (L.) Ehrh. ssp. major (Hook.) Hultén
445,Stephanus,Hubbold,Tridens buckleyanus (L.H. Dewey) Nash
446,Matt,Pull,Rinodina americana de Lesd.
447,Giusto,Testo,Calicium glaucellum Ach.
448,Giorgio,Gagg,Keysseria maviensis (H. Mann) Cabrera
449,Adrian,Mayte,Pseudoroegneria spicata (Pursh) Á. Löve ssp. spicata
450,Darnell,Newns,Penstemon laricifolius Hook. & Arn. ssp. laricifolius
451,Ellynn,Draijer,Liriope spicata (Thunb.) Lour.
452,Drake,Priden,Rubus florulentus Focke
453,Sylvan,Kynnd,Combretum obovatum F. Hoffm.
454,Emile,Tully,Sullivantia hapemanii (J.M. Coult. & Fisher) J.M. Coult.
455,Garrard,Mardall,Arthonia astericus Müll. Arg.
456,Janeczka,Parke,Odontites vernus (Bellardi) Dumort. ssp. serotinus (Dumort.) Corb.
457,Claudell,McCrea,Trifolium haydenii Porter
458,Else,Seaward,Solidago uliginosa Nutt.
459,Jennette,Gilhooley,Erigeron vagus Payson
460,Minor,Heavens,Phemeranthus calycinus (Engelm.) Kiger
461,Waldo,Flaxman,Hemizonia paniculata A. Gray
462,Felita,McIndoe,Entodontopsis leucostega (Brid.) W.R. Buck & Irel.
463,Adelle,McGuane,Pertusaria propinqua Müll. Arg.
464,Billye,Glozman,Hesperocyparis pigmaea (Lemmon) Bartel
465,Tommy,Empson,Siphula ceratites (Wahlenb.) Fr.
466,Adel,Oddie,Penstemon triflorus A. Heller ssp. integrifolius Pennell
467,Neddie,Bisacre,Ichnanthus tenuis (J. Presl) Hitchc. & Chase
468,Sibylla,Niezen,Malacothrix squalida Greene
469,Barbara,Botfield,Bidens micrantha Gaudich.
470,Theodore,Pretor,Gyalecta friesii Flotow ex Körb.
471,Maxim,Lorant,Lysimachia remyi Hillebr. ssp. caliginis (H. St. John) Marr
472,Antoine,Ganderton,Hartwrightia floridana A. Gray ex S. Watson
473,Vale,Malcher,Keckiella lemmonii (A. Gray) Straw
474,Onofredo,Thexton,Frasera puberulenta Davidson
475,Marlena,McCann,Dubautia laxa Hook. & Arn. ssp. bryanii (O. Deg. & Sherff) G.D. Carr
476,Natty,Calderbank,Garberia heterophylla (W. Bartram) Merr. & F. Harper
477,Al,Gagan,Musa acuminata Colla
478,Debbi,Heber,Umbilicaria polyphylla (L.) Baumg.
479,Tiena,Seaborne,Galium obtusum Bigelow
480,Danika,Houchin,Limonium otolepis (Schrenk) Kuntze
481,Arleyne,Stopher,Endococcus Nyl.
482,Dill,Disdel,Eriochloa acuminata (J. Presl) Kunth var. acuminata
483,Connie,Gierth,Nissolia Jacq.
484,Dorey,Rase,Agrostis capillaris L.
485,Tove,Duxfield,Eriogonum umbellatum Torr. var. covillei (Small) Munz & Reveal
486,Veronique,O'Beirne,Erigeron basalticus Hoover
487,Genna,Farrant,Hydrilla Rich.
488,Yorgo,Balham,Erigeron corymbosus Nutt.
489,Bailie,Bryning,Pyracantha koidzumii (Hayata) Rehder
490,Timmy,Nelhams,Orobanche riparia L.T. Collins
491,Vasili,Horsley,Joinvillea Gaudich. ex Brongn. & Gris
492,Rose,Thaine,Schkuhria Roth
493,Claudianus,McKennan,Quercus gambelii Nutt. var. gambelii
494,Vassily,Halgarth,Amelanchier interior E.L. Nielsen
495,Leesa,Nicholl,Phacelia pulchella A. Gray
496,Doris,Gerding,Orbea variegata (L.) Haw.
497,Tan,Jansie,Leontodon hispidus L.
498,Jena,Donaway,Pinguicula villosa L.
499,Benedikt,Elleyne,Fissidens obtusifolius Wilson var. obtusifolius
500,Eziechiele,Kinrade,Eschscholzia lobbii Greene
501,Saul,Le Sarr,Sauvagesia L.
502,Jewell,Everly,Usnea deformis Mot.
503,Lurlene,Angerstein,Schistostega pennata (Hedw.) F. Weber & D. Mohr.
504,Merridie,Ellerker,Aliciella micromeria (A. Gray) J.M. Porter
505,Raphael,Wille,Allium brandegeei S. Watson
506,Sammie,Leyfield,Limonium arborescens (Brouss.) Kuntze
507,Jean,Tanti,Rhytidiadelphus japonicus Reim.
508,Yasmeen,Carrel,Pedicularis parryi A. Gray ssp. parryi
509,Chelsae,McLewd,Pomaria Cav.
510,Luz,Burree,Penstemon havardii A. Gray
511,Renault,Shepland,Tapellaria epiphylla (Müll. Arg.) R. Sant.
512,Nat,Haggarty,Astragalus solitarius M. Peck
513,Shanda,Walklot,Viola adunca Sm. var. oxyceras (S. Watson) S. Watson ex Jeps.
514,Hedvig,Igonet,Downingia ornatissima Greene var. eximia (Hoover) McVaugh
515,Ethelin,Murden,Cyrtandra ×cupuliformis H. St. John & Storey (pro sp.)
516,Barron,Mattiato,Evolvulus glomeratus Nees & Mart. ssp. grandiflorus (Parodi) van Ooststr.
517,Lorie,Trump,Perityle inyoensis (Ferris) A. Powell
518,Wallas,Murrigans,Eriogonum brachyanthum Coville
519,Stanly,Cameron,Pedicularis canadensis L.
520,Lauren,Dobbs,Tragus heptaneuron W.D. Clayton
521,Diane,Biaggelli,Lesquerella auriculata (Engelm. & A. Gray) S. Watson
522,Cy,Merigon,Aconitum columbianum Nutt.
523,Wainwright,Giurio,Erigeron canus A. Gray
524,Brittaney,Snailham,Cressa truxillensis Kunth
525,Gonzalo,Stiven,Nephroma helveticum Ach. ssp. sipeanum (Gyel.) Goward & Ahti
526,Nickey,Mann,Cordylanthus laxiflorus A. Gray
527,Joann,Keirle,Croton betulinus Vahl
528,Arman,Leverage,Caloplaca castellana (Rasanen) Poelt
529,Artair,Vondrach,Eriogonum rosense A. Nelson & Kennedy var. rosense
530,Enrika,Josefowicz,Desmanthus glandulosus (B.L. Turner) Luckow
531,Lucias,Folomkin,Howeia belmoreana (C. Moore & F. Muell.) Becc.
532,Berty,Howbrook,Eragrostis leptostachya (R. Br.) Steud.
533,Arabella,Bannell,Ribes oxyacanthoides L. ssp. cognatum (Greene) Sinnott
534,Omero,Clubley,Mimulus primuloides Benth. var. linearifolius A.L. Grant
535,Zackariah,Marchington,Eriogonum lonchophyllum Torr. & A. Gray var. nudicaule (Torr.) Reveal
536,Nikaniki,Hatje,Plumeria L.
537,Von,Hunnawill,Astragalus desperatus M.E. Jones var. petrophilus M.E. Jones
538,Keslie,Richin,Calamagrostis stricta (Timm) Koeler ssp. inexpansa (A. Gray) C.W. Greene
539,Tamar,Dooler,Listera smallii Wiegand
540,Cyndia,Kember,Sideroxylon lanuginosum Michx. ssp. oblongifolium (Nutt.) T.D. Penn.
541,Siffre,Phelips,Wikstroemia sandwicensis Meisn.
542,Floyd,Dowber,Acarospora immersa Fink
543,Garey,McQuarter,Oedipodium Schwägr.
544,Maxine,Twamley,Eugenia confusa DC.
545,Erina,Harback,Arabis georgiana Harper
546,Nani,Gorrissen,Psychotria hexandra H. Mann
547,Britney,Paolacci,Townsendia texensis Larsen
548,Muriel,Marrington,"Atriplex longitrichoma Stutz, G.L. Chu & S.C. Sand."
549,Yard,Lindegard,Aspicilia limitata (H. Magn.) J.W. Thomson
550,Hunter,Clewer,Leptodactylon Hook. & Arn.
551,Roxi,Senogles,Ludwigia glandulosa Walter ssp. brachycarpa (Torr. & A. Gray) Peng
552,Nathanial,Jelf,Castilleja peckiana Pennell
553,Rutherford,Shillitto,Indigofera hendecaphylla Jacq.
554,Bradan,Orkney,Jacquinia berteroi Spreng.
555,Chloette,Brydson,Dioclea wilsonii Standl.
556,Moria,Klampk,Sticta fuliginosa (Hoffm.) Ach.
557,Ibbie,Mibourne,Galactia parvifolia A. Rich.
558,Zechariah,Easeman,Agathis dammara (Lamb.) Rich.
559,Corie,de Almeida,Nephrolepis exaltata (L.) Schott
560,Valaria,McOwan,Clarkia similis F.H. Lewis & Ernst
561,Kelbee,Chavey,Sabicea Aubl.
562,Irene,Gahan,Arctostaphylos ×repens (J.T. Howell) P.V. Wells
563,Ruby,Thirkettle,Palafoxia arida B.L. Turner & Morris
564,Joline,Cartwight,Matelea parvifolia (Torr.) Woodson
565,Meredeth,Goodlip,Acer circinatum Pursh
566,Olympia,Flanne,Erigeron aequifolius H.M. Hall
567,Arly,Grubb,Allium lacunosum S. Watson var. davisiae (M.E. Jones) McNeal & Ownbey
568,Goraud,Jeaycock,Orthotrichum affine Brid.
569,Alfy,Squirrel,Iva annua L. var. annua
570,Brucie,Sams,Ballota L.
571,Thain,Marks,Triticum vavilovii Jakubz.
572,Regine,Schindler,Balsamorhiza careyana A. Gray var. intermedia Cronquist
573,Kean,Pessolt,Byssoloma leucoblepharum (Nyl.) Vain.
574,Foster,Fearnley,Isoetes tenella Léman
575,Ryon,Boltwood,Physalis turbinata Medik.
576,Benedicta,Henrys,Viola palustris L.
577,Sansone,Decaze,Hypelate P. Br.
578,Abrahan,Kobierski,Viola beckwithii Torr. & A. Gray
579,Durante,Lehrer,Calymperes Sw.
580,Alon,Trowl,Peccania texana (Tuck.) Wetmore
581,Jozef,Somes,Asclepias subverticillata (A. Gray) Vail
582,Kristine,Petticrew,Rosa ×palustriformis Rydb. (pro sp.)
583,Cassius,Glentworth,Tetraclinis articulata (Vahl) Masters
584,Hedda,Pashby,Ephemerum Hampe
585,Axel,Daelman,Sabal causiarum (O.F. Cook) Becc.
586,Marcel,Haizelden,Polygonum convolvulus L. var. subulatum Lej. & Court.
587,Iosep,Feehely,Polygala cornuta Kellogg var. cornuta
588,Suzette,Farley,Trisetum glomeratum (Kunth) Trin. ex Steud.
589,Clayson,Grover,Amorphophallus paeoniifolius (Dennst.) Nicolson
590,Rosy,Janczak,Hunnemannia fumariifolia Sweet
591,Claribel,Rollitt,Palicourea crocea (Sw.) Schult.
592,Trace,Pooley,Iberis umbellata L.
593,Berthe,Standley,Selaginella deflexa Brack.
594,Roobbie,Loncaster,Quercus ×mutabilis Palmer & Steyerm.
595,Maynord,O'Farrell,Solidago brachyphylla Chapm. ex Torr. & A. Gray
596,Pavla,O'Kuddyhy,Stereocaulon symphycheilum Lamb
597,Johann,Garfit,Clarkia gracilis (Piper) A. Nelson & J.F. Macbr. ssp. tracyi (Jeps.) Abdel-Hamee & R. Snow
598,Maximilianus,Farherty,Isodendrion A. Gray
599,Arabelle,Burdell,Eriogonum prattenianum Durand
600,Lori,Clingoe,Acroceras Stapf
601,Marmaduke,Claussen,Themeda quadrivalvis (L.) Kuntze var. quadrivalvis
602,Barbra,Chisolm,Salvia tiliifolia Vahl
603,Madge,Unworth,Bacidia saxicola Looman
604,Belita,Rubee,Camissonia hilgardii (Greene) P.H. Raven
605,Sonny,Earnshaw,Tetraneuris acaulis (Pursh) Greene var. arizonica (Greene) K.F. Parker
606,Randy,Letteresse,Neoparrya Mathias
607,Connie,Rimbault,Theobroma angustifolium Moc. & Sessé ex DC.
608,Daron,Arbon,Camissonia specuicola (P.H. Raven) P.H. Raven ssp. hesperia (P.H. Raven) P.H. Raven
609,Monti,Osipov,Juncus subtilis E. Mey.
610,Fredek,Hellard,Trichostigma A. Rich.
611,Pattin,Freshwater,Carex douglasii Boott
612,Anett,Moraleda,Sphagnum pacificum Flatberg
613,Midge,MacGahey,Penstemon heterophyllus Lindl. ssp. australis (Munz & I.M. Johnst.) D.D. Keck
614,Leeann,Gregolin,Physaria lepidota Rollins var. membranacea (Rollins) Rollins
615,Jannel,Causer,Grindelia inornata Greene var. angusta Steyerm.
616,Codee,Edwins,Phyllostegia kaalaensis H. St. John
617,Addi,Maciaszczyk,Solidago nemoralis Aiton var. longipetiolata (Mack. & Bush) Palmer & Steyerm.
618,Gan,Dukes,Salvia whitehousei G. Alziar
619,Alick,Angrick,Pilea peploides (Gaudich.) Hook. & Arn.
620,Bethina,Kadd,Lythrum maritimum Kunth
621,Carissa,Viant,Oxandra A. Rich.
622,Alysia,Stilwell,Orthotrichum bartramii R.S. Williams
623,Timmie,Kem,Chenopodium salinum Standl.
624,Mona,Pymar,Orthocarpus cuspidatus Greene ssp. cuspidatus
625,Sherwin,Pardoe,Thelypteris cyatheoides (Kaulf.) Fosberg
626,Drusy,Ghidelli,Salix ×sepulcralis Simonkai
627,Engelbert,Ebourne,Hoya R. Br.
628,Diena,Supple,Pleurothallis domingensis Cogn.
629,Giles,Threadgill,Verrucaria internigrescens (Nyl.) Erichsen
630,Deana,Charnick,Lespedeza ×acuticarpa Mack. & Bush (pro sp.)
631,Crissie,Pharoah,Malacothamnus palmeri (S. Watson) Greene
632,Britt,Foynes,Allolepis texana (Vasey) Söderst. & Decker
633,Dorrie,Hutcheon,Calliergon stramineum (Brid.) Kindb.
634,Antonie,Male,Pohlia pacifica Shaw
635,Bar,Glencorse,Lilaeopsis masonii Mathias & Constance
636,Ginnie,Symondson,Icmadophila Trevis.
637,Ravi,Carwithan,Lathyrus odoratus L.
638,Alyss,Moreno,Piptatherum miliaceum (L.) Coss.
639,Bianka,Hamly,Hymenocallis puntagordensis Traub
640,Gale,Risson,Carex deweyana Schwein. var. collectanea Fernald
641,Barbabra,Tubritt,Pleuropogon californicus (Nees) Benth. ex Vasey var. davyi (L.D. Benson) But
642,Stephani,Smurthwaite,Hypericum ellipticum Hook.
643,Quent,Backshill,Ivesia patellifera (J.T. Howell) Ertter
644,Rosabelle,Tapsell,Morus L.
645,Udale,Casetti,Anema dodgei Herre
646,Donnamarie,Extence,Pleurothallis obovata (Lindl.) Lindl.
647,Jesus,Gingell,Erpodium domingense (Spreng.) Brid. ex Müll. Hal.
648,Bradford,Doctor,Passiflora serratodigitata L.
649,Angelico,Robak,Hedyotis mannii Fosberg
650,Issi,Blackader,Oenothera mexicana Spach
651,Gerti,Force,Choisya dumosa (Torr.) A. Gray
652,Tristan,Magnar,Plantago arenaria Waldst. & Kit.
653,Willey,Jiru,Trichomanes padronii Proctor
654,Salome,Koba,Douglasia beringensis S. Kelso
655,Matteo,Elford,Spiraea chamaedryfolia L. var. ulmifolia (Scop.) Maxim.
656,Ainslie,Seebright,Solanum tenuipes Bartlett
657,Doria,Ewbanke,Myrcianthes fragrans (Sw.) McVaugh
658,Zenia,Trattles,Pteralyxia macrocarpa (Hillebr.) K. Schum.
659,Fionna,Peyntue,Clermontia pyrularia Hillebr.
660,Skell,Engelmann,Salicornia L.
661,Lisabeth,Badrick,Correa backhousiana Hook.
662,Vaclav,Pannaman,Lomatium grayi (J.M. Coult. & Rose) J.M. Coult. & Rose var. grayi
663,Valaree,Crasswell,Mammillaria heyderi Muehlenpf. var. macdougalii (Rose) L.D. Benson
664,Bryanty,Pirkis,Hypericum drummondii (Grev. & Hook.) Torr. & A. Gray
665,Lavinie,Shotbolt,Castilleja praeterita Heckard & Bacig.
666,Philippe,Buckley,Chaetopappa asteroides Nutt. ex DC. var. grandis Shinners
667,Waldon,Joss,Oxytheca dendroidea Nutt.
668,Antony,Iacapucci,Rumex densiflorus Osterh.
669,Dicky,Tippett,Stylisma abdita Myint
670,Thatcher,MacBey,Argyranthemum gracilis Webb ex Sch. Bip.
671,Luisa,Ledner,Phlyctella Krempelh.
672,Trstram,Birrell,Lisianthius laxiflorus Urb.
673,Roseline,Cicchitello,Brachythecium velutinum (Hedw.) Schimp.
674,Ransom,Mourge,Carex cumulata (L.H. Bailey) Fernald
675,Rhea,Brolly,Astragalus mokiacensis A. Gray
676,Jilly,Mangenet,Homalotheciella subcapillata (Hedw.) Broth.
677,Obie,Tittletross,Castalis tragus (Aiton) Norl.
678,Basia,Roach,Pleurothallis pubescens Lindl. ex Hook.
679,Royce,Maggorini,Elymus submuticus (Hook.) Smyth & Smyth
680,Legra,Cobbe,Navarretia divaricata (Torr. ex A. Gray) Greene
681,Jeanine,Giacobilio,Fontinalis antipyretica Hedw. var. oregonensis Renauld & Cardot
682,Gordon,Capper,Tetramolopium capillare (Gaudich.) H. St. John
683,Rana,Willars,Lesquerella arenosa (Richardson) Rydb. var. argillosa Rollins & Shaw
684,Simonette,Petrello,Symphyotrichum boreale (Torr. & A. Gray) Á. Löve & D. Löve
685,Florencia,Swalwell,Monarda russeliana Nutt. ex Sims
686,Olav,Amthor,Rosa arvensis Huds.
687,Salome,Orth,Astragalus americanus (Hook.) M.E. Jones
688,Penny,Dalgleish,Romneya coulteri Harv.
689,Chiquita,Tudgay,Linaria maroccana Hook. f.
690,Andee,Yvon,Ambrosia linearis (Rydb.) Payne
691,Ashla,Bartels,Echinocereus viridiflorus Engelm. var. chloranthus (Engelm.) Backeb.
692,Anthiathia,Gelardi,Rumex scutatus L.
693,Ashlie,Munt,Scleria ciliaris Nees
694,Gabriellia,Stolze,Eriophyllum lanatum (Pursh) Forbes var. grandiflorum (A. Gray) Jeps.
695,Robbyn,Mercik,Desmodium wydlerianum Urb.
696,Benedick,Wixon,Hypoxis sessilis L.
697,Hartley,Harverson,Zelkova serrata (Thunb.) Makino
698,Rancell,Kabsch,Clematis ×jackmanii T. Moore
699,Asher,Gerrels,Arctostaphylos otayensis Wies. & Schreib.
700,Granville,Boschmann,Senecio musiniensis S.L. Welsh
701,Giffer,Pipe,Eriogonum umbellatum Torr. var. majus Hook.
702,Jorry,Stockney,Amianthium muscitoxicum (Walter) A. Gray
703,Betteanne,Maddyson,Mirabilis nyctaginea (Michx.) MacMill.
704,Gare,Haskett,Crepis runcinata (James) Torr. & A. Gray ssp. hispidulosa (Howell ex Rydb.) Babc. & Stebbins
705,Udell,Sparkes,Spiranthes delitescens Sheviak
706,Virgilio,Byer,Erodium laciniatum (Cav.) Willd.
707,Emelen,Tuckerman,Alternanthera paronychioides A. St.-Hil. var. amazonica Huber
708,Desdemona,Scorthorne,Syrrhopodon ligulatus Mont.
709,Leonanie,Drewson,Boswellia sacra Flueckiger
710,Montague,Ferney,Ribes aureum Pursh
711,Jeffy,Jenkerson,Phacelia salina (A. Nelson) J.T. Howell
712,Vaclav,Baglin,Eragrostis leptostachya (R. Br.) Steud.
713,Fonz,Ledbetter,Plantago maritima L. var. juncoides (Lam.) A. Gray
714,Haslett,Rutley,Erigeron nanus Nutt.
715,Odette,Jennings,Carex leptopoda Mack.
716,Rouvin,Veness,Perideridia californica (Torr.) A. Nelson & J.F. Macbr.
717,Ivie,Moar,Ribes oxyacanthoides L. ssp. cognatum (Greene) Sinnott
718,Burl,Monck,Orobanche valida Jeps. ssp. howellii Heckard & T.S. Collins
719,Cheryl,Ciccetti,Potentilla norvegica L. ssp. monspeliensis (L.) Asch. & Graebn.
720,Kayne,Collcutt,Antiphytum DC. & Meisn.
721,Kermit,Bennett,Leptodactylon californicum Hook. & Arn. ssp. leptotrichomum Gordon
722,Silvain,Ricard,Dicerandra immaculata Lakela var. savannarum R.B. Huck
723,Hew,Gerrard,Cyperus floridanus Britton
724,Hiram,Teliga,Vesicarpa potentilloides (A. Gray) Rydb. var. potentilloides
725,Reiko,Cawse,Nemophila menziesii Hook. & Arn. var. atomaria (Fisch. & C.A. Mey.) Chandler
726,Emmit,Scholes,Stylosanthes viscosa (L.) Sw.
727,Kevina,Tresvina,Galactia volubilis (L.) Britton
728,Kirby,Bottomer,Palicourea croceoides Ham.
729,Etheline,Marre,Phalaris paradoxa L.
730,Lennard,Varnam,Oxytropis besseyi (Rydb.) Blank. var. obnapiformis (Ced. Porter) S.L. Welsh
731,Devi,McCuish,Penstemon elegantulus Pennell
732,Ralph,Hazle,Grusonia kunzei (Rose) Pinkava
733,Ginevra,Hasser,Acarospora A. Massal.
734,Nealson,Inglesent,Amaranthus powellii S. Watson
735,Teodoro,Langstone,Pisonia subcordata Sw.
736,Jerad,Leblanc,Melastoma candidum D. Don
737,Westbrooke,Cheston,Papaver alpinum L.
738,Merrili,Kirkbride,Lilium columbianum Leichtlin
739,Sanson,Castro,Gilia aliquanta A.D. Grant & V.E. Grant ssp. aliquanta
740,Janot,Sowthcote,Lotus unifoliolatus (Hook.) Benth. var. unifoliolatus
741,Edgar,Bedder,Oligoneuron album (Nutt.) G.L. Nesom
742,Starlene,Wilshire,Hypericum graveolens Buckley
743,Damien,Gorhardt,Eriogonum umbellatum Torr. var. devestivum Reveal
744,Nancee,de Almeida,Rhynchospora baldwinii A. Gray
745,Tabbi,Lethabridge,Verrucaria tectorum (A. Massal.) Körb.
746,Danita,Skews,Chrysogonum virginianum L. var. australe (Alexander ex Small) H.E. Ahles
747,Fabio,Blacklock,Grimmia brittoniae R.S. Williams
748,Danell,Labroue,Arctostaphylos stanfordiana Parry ssp. raichei W. Knight
749,Frieda,Bewshaw,Hygrohypnum duriusculum (De Not.) Jamieson
750,Baryram,Rioch,Nicotiana obtusifolia M. Martens & Galeotti var. obtusifolia
751,Tate,McGillecole,Hymenopappus filifolius Hook. var. parvulus (Greene) B.L. Turner
752,Genvieve,Bagniuk,Quercus ×fernaldii Trel.
753,Cameron,Edler,Ferocactus viridescens (Torr. & A. Gray) Britton & Rose
754,Cara,Claw,"Carex cumberlandensis Naczi, Kral & Bryson"
755,Guglielma,Banishevitz,Ericameria nauseosa (Pall. ex Pursh) G.L. Nesom & Baird ssp. consimilis (Greene) G.L. Nesom & Baird var. nitida (L.C. Anderson) G.L. Nesom & Baird
756,Leandra,Moncreif,Macrocoma sullivantii (Müll. Hal.) Grout
757,Zak,Beeching,Cordylanthus pilosus A. Gray
758,Ronald,Odger,Saxifraga hirculus L.
759,Samara,Bellin,Acacia subulata Bonpl.
760,Minnnie,Rouby,Ribes malvaceum Sm.
761,Elroy,McClintock,Petrophytum caespitosum (Nutt.) Rydb. var. elatius (S. Watson) Tidestr.
762,Udall,Bresson,Nyctaginia Choisy
763,Austin,Janton,Hudsonia L.
764,Anetta,Gittings,Digitaria didactyla Willd. [excluded]
765,Ethelyn,Spadazzi,Passiflora foetida L. var. gossypiifolia (Desv. ex Ham.) Masters
766,Farand,Dukes,Ericameria brachylepis (A. Gray) H.M. Hall
767,Martelle,McMichael,Rinodina halei H. Magn.
768,Lodovico,Hegg,Indigofera sphaerocarpa A. Gray
769,Any,Webberley,Cladina pseudoevansii (Asah.) Hale & W.L. Culb.
770,Lindsay,Klosterman,Eucalyptus polyanthemos Schauer
771,Antonie,Mustin,Hancornia speciosa B.A. Gomes
772,Artie,Emeline,Oenanthe javanica (Blume) DC.
773,Alica,Clist,Bryum schleicheri Schwägr.
774,Gabriell,Millwall,Lesquerella valida Greene
775,Ignatius,Capenor,Lupinus arcticus S. Watson
776,Pia,Hamshaw,Potamogeton oakesianus J.W. Robbins
777,Valerie,Brian,Callirhoe triangulata (Leavenworth) A. Gray
778,Lucilia,Fivey,Croton glandulosus L. var. septentrionalis Müll. Arg.
779,Porter,Gartshore,Arceuthobium tsugense (Rosend.) G.N. Jones
780,Dwayne,Malinson,Humulus lupulus L. var. lupuloides E. Small
781,Sanson,Guiton,Panicum rigidulum Bosc ex Nees
782,Griffith,Ringrose,Isotria medeoloides (Pursh) Raf.
783,Bay,Budibent,Piptochaetium stipoides (Trin. & Rupr.) Hack. ex Arechav.
784,Lyndel,Welband,Cephalocereus Pfeiff.
785,Donni,Von Der Empten,Euthamia galetorum Greene
786,Wadsworth,Casserly,Passiflora subpeltata Ortega
787,Brewster,Habercham,Cryptantha nemaclada Greene
788,Ethel,Theis,Lycopus europaeus L.
789,Rem,Blankley,Trifolium virginicum Small ex Small & Vail
790,Priscella,Tohill,Hypericum gramineum G. Forst.
791,Belle,Rooksby,Cynodon nlemfuensis Vanderyst var. robustus W.D. Clayton & Harlan
792,Merrel,Verling,Gentianella quinquefolia (L.) Small ssp. occidentalis (A. Gray) J.M. Gillett
793,Lyndsey,Tytherton,Prunus murrayana Palmer
794,Miltie,Woolner,Hieracium greenei A. Gray
795,Charlena,Prattin,Abutilon wrightii A. Gray
796,Culley,Garton,Coprosma ochracea W.R.B. Oliv.
797,Zaneta,Adamski,Pickeringia montana Nutt. ex Torr. & A. Gray var. montana
798,Norris,Goodram,Astragalus chamaeleuce A. Gray
799,Zane,Heinssen,Lotus crassifolius (Benth.) Greene var. crassifolius
800,Fin,Kleinerman,Corallorhiza maculata (Raf.) Raf. var. occidentalis (Lindl.) Ames
801,Wang,Mephan,Zizania aquatica L.
802,Jody,Beaver,Athysanus Greene
803,Dar,Coulston,Lycopodium annotinum L.
804,Blakeley,Cornil,Allantoparmelia (Vain.) Essl.
805,Penny,Ruthen,Amelanchier alnifolia (Nutt.) Nutt. ex M. Roem. var. semiintegrifolia (Hook.) C.L. Hitchc.
806,Tannie,Spinetti,Brodiaea kinkiensis Niehaus
807,Rubina,Clogg,Barbula convoluta Hedw. var. gallinula R.H. Zander
808,Tim,Roebuck,Botrychium paradoxum W.H. Wagner
809,Hubie,Windebank,Melicope reflexa (H. St. John) T.G. Hartley & B.C. Stone
810,Lauritz,Reoch,Eleocharis tenuis (Willd.) Schult. var. tenuis
811,Everard,Alcide,Astrolepis cochisensis (Goodding) Benham & Windham ssp. arizonica Benham
812,Gabbie,Leall,Layia Hook. & Arn. ex DC.
813,Rona,Beuscher,Phlox diffusa Benth. ssp. longistylis Wherry
814,Karylin,McKeowon,Piper swartzianum (Miq.) C. DC.
815,Rickard,Ciccone,Isocoma menziesii (Hook. & Arn.) G.L. Nesom var. decumbens (Greene) G.L. Nesom
816,Ellwood,Rann,Symphyotrichum patens (Aiton) G.L. Nesom var. gracile (Hook.) G.L. Nesom
817,Giffy,Bunning,Solanum mucronatum O.E. Schulz
818,Gunilla,Raunds,Gibasis geniculata (Jacq.) Rohw.
819,Leonora,Olivazzi,Pistacia L.
820,Jock,Delgardo,Reichardia Roth
821,Bary,Casaccio,Gossypium hirsutum L. var. marie-galante (Watt) Hutch.
822,Kaiser,Silverlock,Bejaria racemosa Vent.
823,Herby,Klaves,Citrus ×sinensis (L.) Osbeck (pro sp.)
824,Ysabel,Wheaton,Campylium hispidulum (Brid.) Mitt.
825,Binni,Abram,Lupinus arboreus Sims
826,Tilda,Syer,Ruppia maritima L.
827,Camila,Le Barr,Lupinus caudatus Kellogg
828,Ted,Ballinger,Lechea torreyi Leggett ex Britton
829,Moyna,Rydzynski,Erigeron peregrinus (Banks ex Pursh) Greene ssp. peregrinus var. peregrinus
830,Retha,Kabsch,Holocarpha heermannii (Greene) D.D. Keck
831,Jamima,Pulhoster,Angelica roseana L.F. Hend.
832,Tiffany,Halpeine,Arabis constancei Rollins
833,Dorrie,Marrington,Arthothelium violascens (Nyl.) Zahlbr.
834,Chickie,Wortley,Balsamorhiza ×tomentosa Rydb. (pro sp.)
835,Nadean,Kisting,Fimbristylis complanata (Retz.) Link
836,Emerson,Crickett,Bromus catharticus Vahl
837,Eve,Leatherbarrow,Carex divulsa Stokes ssp. divulsa
838,Yolane,Pedlow,Lupinus magnificus M.E. Jones
839,Flora,Docker,Achnatherum lemmonii (Vasey) Barkworth var. lemmonii
840,Margy,Colles,Rhododendron L.
841,Frasquito,Santo,Ipomoea amnicola Morong
842,Gwenore,Rusbridge,"Hymenoxys lapidicola S.L. Welsh & Neese, nom. inq."
843,Barry,Seatter,Solanum glaucophyllum Desf.
844,Fabien,Lovat,Semecarpus L. f.
845,Mirelle,Paule,Noccaea Moench
846,Darrell,Spiniello,Lecidea pumicicola H. Magn.
847,Rolland,Gatley,Sherardia arvensis L.
848,Louisette,Griffiths,Hodgsonia Hook. f. & Thomson
849,Svend,Tudgay,Arthonia tetramera (Stizenb.) Hasse
850,Lara,Clarey,Gilia nevinii A. Gray
851,Marten,Stenner,Psora rubiformis (Ach.) Hook.
852,Wainwright,Bridle,Croton fishlockii Britton
853,Syman,Braniff,Ilex cassine L.
854,Ade,Sorton,Lasallia pensylvanica (Hoffm.) Llano
855,Harriet,Castellini,Tragus Haller
856,Rouvin,Feldon,Hypnum lindbergii Mitt.
857,Cheri,Reightley,Lessingia leptoclada A. Gray
858,Morissa,Foyston,Cuscuta megalocarpa Rydb.
859,Sheffield,Jeyes,Diploschistes scruposus (Schreb.) Norman
860,Letti,Seymour,Polyblastia obsoleta Arnold
861,Jaquenette,Motion,Limnophila sessiliflora (Vahl) Blume
862,Brannon,Haggata,Penstemon fremontii Torr. & A. Gray ex A. Gray
863,Arleta,Laxston,Physcomitrium immersum Sull.
864,Florencia,Pigney,Baptisia alba (L.) Vent. var. alba
865,Ambrose,Zanotti,Trifolium aureum Pollich
866,Fredericka,Ewings,Chrysopsis latisquamea Pollard
867,Sunshine,Schustl,Melaspilea maculosa (Fr.) Müll. Arg.
868,Devondra,Baggally,Peraphyllum Nutt.
869,Stacee,Filkov,Draba stenoloba Ledeb. var. ramosa C.L. Hitchc.
870,Ronalda,Emlen,Phaius Lour.
871,Stevena,Shekle,Aerva lanata (L.) Juss. ex Schult.
872,Fulvia,Gale,Sagittaria sagittifolia L. [excluded]
873,Krista,Martinek,Pelexia adnata (Sw.) Spreng.
874,Fredrick,Mauchlen,Croton ripensis Kanehira & Hatusima
875,Reeva,Wardingly,Urochloa arizonica (Scribn. & Merr.) O. Morrone & F. Zuloaga
876,Gustie,Angell,Oxytropis sericea Nutt.
877,Susie,Riceards,Lesquerella aurea Wooton
878,Delphine,McVeigh,Boltonia diffusa Elliott
879,Morris,Lidell,Eucalyptus saligna Sm.
880,Taryn,McGonnell,Ranunculus ×spitzbergensis (Nathorst) Hadac.
881,Celka,Pryce,Quercus garryana Douglas ex Hook.
882,Bartolomeo,Orpwood,Sphagnum pacificum Flatberg
883,Lucilia,Monroe,Aristolochia maxima Jacq.
884,Corissa,Minguet,Salix richardsonii Hook.
885,Claude,Bass,Camissonia andina (Nutt.) P.H. Raven
886,Powell,Dunkinson,Buellia curatellae Malme
887,Jorge,Furby,Ludwigia octovalvis (Jacq.) P.H. Raven ssp. octovalvis
888,Renae,Ure,Gilia capitata Sims ssp. pedemontana V.E. Grant
889,Hetti,Rubel,Pisonia wagneriana Fosberg
890,Stella,Haighton,Astragalus atratus S. Watson
891,Delcina,Trudgian,Prosopis chilensis (Molina) Stuntz
892,Philbert,Wison,Crataegus helvina Ashe
893,Page,Aisman,Origanum majorana L.
894,Myrwyn,Lamball,Garcinia multiflora Champ. ex Benth.
895,Brittaney,Auton,Symphyotrichum spathulatum (Lindl.) G.L. Nesom
896,Suki,Giraudeau,Liatris aspera Michx. var. aspera
897,Joanna,Hannay,Downingia montana Greene
898,Cathlene,Bullion,Oenothera perennis L.
899,Garrek,Juza,Dalea nana Torr. ex A. Gray var. carnescens Kearney & Peebles
900,Florella,MacNeice,Olsynium Raf.
901,Fleur,Yitzovicz,Pilea pumila (L.) A. Gray
902,Silvia,Gartland,Salix jepsonii C.K. Schneid.
903,Aloise,Janczewski,Lactuca graminifolia Michx. var. arizonica McVaugh
904,Donielle,Jellings,Melaleuca wilsonii F. Muell.
905,Willie,Pilch,Geranium caespitosum James var. parryi (Engelm.) W.A. Weber
906,Marquita,Losebie,Buddleja lindleyana Fortune
907,Andreas,Whight,Erioneuron pilosum (Buckley) Nash
908,Archambault,Waymont,Hesperocyparis abramsiana (C.B. Wolf) Bartel
909,Vaclav,Rowlson,Armeria maritima (Mill.) Willd. ssp. sibirica (Turcz. ex Boiss.) Nyman
910,Patrizio,Jardin,Usnea subhirta Mot.
911,Klarrisa,Bolesworth,Paullinia pinnata L.
912,Gav,Pincott,Nephroma bellum (Spreng.) Tuck.
913,Birdie,Garrard,Ditrichum flexicaule (Schwägr.) Hampe
914,Ibbie,Brandon,Polygonum marinense T.R. Mert. & P.H. Raven
915,Julio,Stovin,Xanthocephalum Willd.
916,Galven,Bosch,Sabatia difformis (L.) Druce
917,Zulema,Smart,Tournefortia bicolor Sw.
918,Lanni,Batman,Grateloupia asiatica S. Kawaguchi & H.W. Wang
919,Timothee,Iveans,Willkommia Hack.
920,Alden,Painter,Oxytropis lambertii Pursh var. articulata (Greene) Barneby
921,Garnet,Rearden,Polyblastia gelatinosa (Ach.) Th. Fr.
922,Joshia,Minall,Ambrosia psilostachya DC.
923,Eulalie,Wakelin,Pluchea sericea (Nutt.) Coville
924,Beverlee,Libreros,Cephalanthus L.
925,Trefor,Prentice,Schwalbea L.
926,Emily,Esbrook,Ageratina aromatica (L.) Spach var. incisa (A. Gray) C.F. Reed
927,Glynda,Simecek,Chondrodendron tomentosum Ruiz & Pav.
928,Barnabas,Asals,Corylus cornuta Marshall
929,Dimitri,Danovich,Dioscorea nummularia Lam.
930,Rockwell,Hawgood,Bletia patula Graham
931,Antony,Artingstall,Cardamine microphylla M.F. Adams ssp. microphylla
932,Trudi,Flatley,Stachydeoma Small
933,Sybille,Rashleigh,Argyranthemum gracilis Webb ex Sch. Bip.
934,Lyda,Rounds,Rubus floricomus Blanch.
935,Valentine,Steanyng,Origanum L.
936,Dewie,Shimoni,Iresine leptoclada (Hook. f.) Henrickson & Sundberg
937,Cecil,Leming,Asplenium flabellulatum Kunze
938,Lise,Warry,Eryngium aquaticum L. var. aquaticum
939,Remington,Cleobury,Physalis hederifolia A. Gray var. fendleri (A. Gray) Cronquist
940,Petra,Strafford,Palafoxia hookeriana Torr. & A. Gray var. hookeriana
941,Dolores,Frearson,Carex cryptolepis Mack.
942,Gasparo,Skouling,Caucalis L.
943,Demetrius,Glusby,Aristida floridana (Chapm.) Vasey
944,Darya,Cockrill,Aniseia martinicensis (Jacq.) Choisy var. nitens (Choisy) O'Donell
945,Siward,LAbbet,Trematolobelia grandifolia (Rock) O. Deg.
946,Bryant,Deverick,Arthonia palmulacea (Müll. Arg.) R. Sant.
947,Reinwald,Emmanueli,Vicia lutea L. ssp. vestita (Boiss.) Rouy
948,Pris,Liff,Eupatorium cannabinum L.
949,Rozella,Gelder,Eriogonum ericifolium Torr. & A. Gray
950,Lynsey,Playfair,Penstemon seorsus (A. Nelson) D.D. Keck
951,Bambi,Droghan,Vandenboschia Copeland
952,Jany,Greatbanks,Cladina portentosa (Dufour) Follmann ssp. pacifica (Ahti) Ahti
953,Carlo,Enderby,Geum triflorum Pursh var. ciliatum (Pursh) Fassett
954,Garrot,McMorran,Lotus strigosus (Nutt.) Greene
955,Erwin,Llorens,Hesperocyparis nevadensis (Abrams) Bartel
956,Trey,Lukasen,Pedicularis sudetica Willd. ssp. interior (Hultén) Hultén
957,Spencer,Oboy,Viola glabella Nutt.
958,Dulciana,Scotchmur,Coincya Rouy
959,Braden,Croxton,Calamagrostis montanensis Scribn. ex Vasey
960,Jennilee,Mulroy,Teramnus P. Br.
961,Shelbi,Claque,Savia Willd.
962,Helge,Redsell,Collema ceraniscum Nyl.
963,Ozzy,Janu,Platanthera huronensis (Nutt.) Lindl.
964,Sawyer,Tolomio,Tricharia santessonii D. Hawksw.
965,Lexis,Dressel,Parmentiera cereifera Seem.
966,Junie,Ashford,Salvia nutans L.
967,Alexina,De Blasiis,Cassia javanica L.
968,Roman,Forestall,Phacelia ciliata Benth. var. ciliata
969,Glynnis,Lidgate,Piperia elegans (Lindl.) Rydb. ssp. decurtata R. Morgan & Glicenstein
970,Angy,Woodburne,Aphanostephus DC.
971,Bertrando,Feaver,Calystegia malacophylla (Greene) Munz ssp. malacophylla var. berryi (Eastw.) Brummitt
972,Koenraad,Eccersley,Ilex verticillata (L.) A. Gray
973,Gino,Ellyatt,Nuphar lutea (L.) Sm. ssp. ulvacea (G.S. Mill. & Standl.) E.O. Beal
974,Emilio,Kubas,Chiodecton perplexum Nyl.
975,Fedora,Garett,Lomatium minimum (Mathias) Mathias
976,Claire,Romaines,Allantoparmelia (Vain.) Essl.
977,Leighton,Filippazzo,Amorpha californica Nutt. var. napensis Jeps.
978,Ulises,Blessed,Cheilanthes paupercula (Kunze) Mett.
979,Guenna,MacPhee,Eriogonum saxatile S. Watson
980,Finlay,Warlawe,Frangula rubra (Greene) V. Grub. ssp. yosemitana (C.B. Wolf) Kartesz & Gandhi
981,Merridie,Barringer,Leucaena leucocephala (Lam.) de Wit
982,Maisie,Donkersley,Amelanchier alnifolia (Nutt.) Nutt. ex M. Roem.
983,Diahann,Krug,Phlox hoodii Richardson ssp. glabrata (E.E. Nelson) Wherry
984,Kip,Reddy,Arctium L.
985,Codie,Hargraves,Stemodia durantifolia (L.) Sw.
986,Alexandro,Izaks,Arabis falcatoria Rollins
987,Clayson,Husthwaite,×Elyleymus hirtiflorus (Hitchc.) Barkworth
988,Ivett,Maltby,Korthalsella degeneri Danser
989,Ester,Bendall,Claopodium (Lesq. & James) Renauld & Cardot
990,Kacie,Caffery,Cuscuta suksdorfii Yunck.
991,Richmound,Dumbleton,Rudbeckia auriculata (Perdue) Kral
992,Wake,Corneille,Gadellia Schulkina
993,Karola,Sellor,Tanacetum corymbosum (L.) Sch. Bip.
994,Corie,Clayal,Ziziphus lotus (L.) Lam.
995,Darbie,Ney,Pyxine Fr.
996,Sophie,Comi,Dichanthelium sphaerocarpon (Elliott) Gould var. isophyllum (Scribn.) Gould & C.A. Clark
997,Farr,Meron,Sedum wrightii A. Gray ssp. priscum R.T. Clausen
998,Ranice,Woodrup,Acer campestre L.
999,Vanya,Minett,Oxalis priceae Small
1000,Janet,Tremblet,Carex albonigra Mack.