1,Gabcube,Inverse asynchronous budgetary management,4070 Kensington Parkway
2,Yozio,Future-proofed motivating projection,11258 Gerald Road
3,Eayo,Seamless dynamic forecast,83920 Huxley Circle
4,Feedbug,Multi-layered hybrid array,2777 Troy Center
5,Gabspot,Realigned attitude-oriented support,32009 Mallard Plaza
6,Jatri,Phased bottom-line structure,049 David Lane
7,Trupe,Progressive secondary instruction set,10 Carpenter Junction
8,Kimia,Ameliorated executive moderator,577 Mallard Junction
9,Mudo,Synergized global productivity,502 Sutherland Lane
10,Kwimbee,Centralized needs-based monitoring,44 Clyde Gallagher Center
11,Zoomzone,Diverse system-worthy collaboration,1266 Anhalt Junction
12,Livepath,Versatile global process improvement,92121 Sullivan Center
13,Oba,Mandatory bi-directional middleware,1162 Brickson Park Lane
14,Trunyx,Operative high-level superstructure,632 Buell Parkway
15,Gigashots,Advanced context-sensitive solution,2250 Westerfield Way
16,Rooxo,Ergonomic contextually-based website,079 Dawn Court
17,Blogtags,Phased stable projection,6060 Bay Alley
18,Flashdog,Public-key human-resource toolset,39 Claremont Road
19,Wikido,Multi-layered high-level encoding,22114 Washington Pass
20,InnoZ,Assimilated responsive application,8 Starling Lane
21,Linkbridge,Grass-roots background website,51 Eagan Center
22,Tazzy,Robust encompassing functionalities,58978 Schmedeman Avenue
23,Tagtune,Multi-tiered fresh-thinking collaboration,667 Acker Center
24,Fivespan,Synergized logistical system engine,270 Arizona Terrace
25,Dabtype,Triple-buffered even-keeled archive,47065 Fordem Trail
26,Dynazzy,Grass-roots intangible flexibility,2895 Packers Hill
27,Twiyo,Public-key foreground utilisation,5 Anthes Center
28,Plambee,Switchable needs-based service-desk,7065 Sage Drive
29,Demizz,Public-key system-worthy solution,40769 Homewood Drive
30,Mybuzz,Decentralized zero tolerance access,44075 Ohio Alley
31,Oba,Compatible 24 hour contingency,3 4th Center
32,Youbridge,Balanced asymmetric conglomeration,779 Butternut Road
33,Jaxnation,Focused regional concept,39524 Trailsway Lane
34,Meetz,User-centric needs-based adapter,9444 Lillian Parkway
35,Camimbo,Innovative attitude-oriented encoding,69 Village Pass
36,Tanoodle,Automated mobile hardware,5724 New Castle Court
37,Linktype,Face to face radical hub,021 Texas Road
38,Blogpad,Programmable user-facing knowledge user,72227 Hallows Drive
39,Livetube,Compatible national algorithm,0396 Cordelia Road
40,Rhybox,Function-based encompassing matrices,223 Express Street
41,Topiclounge,Customer-focused logistical capacity,41712 Eggendart Junction
42,Edgepulse,Synchronised directional parallelism,02258 Ludington Lane
43,Wordify,Pre-emptive multi-tasking contingency,990 Valley Edge Place
44,Skimia,Digitized content-based projection,71 Holy Cross Crossing
45,Kwilith,Profound disintermediate info-mediaries,00563 Clove Circle
46,Vinder,Devolved 4th generation superstructure,3386 Oneill Point
47,Dabshots,Profit-focused system-worthy portal,0433 Arkansas Street
48,Eire,Pre-emptive multi-tasking emulation,1 Daystar Drive
49,Devpoint,Sharable content-based portal,57209 Clyde Gallagher Junction
50,Tagfeed,Upgradable client-server monitoring,59774 Rusk Avenue
51,Dabtype,Seamless transitional access,122 Hooker Parkway
52,Meemm,Total cohesive local area network,3149 Hagan Plaza
53,Feedmix,Organized multimedia artificial intelligence,91734 Reinke Lane
54,Shufflester,Innovative global groupware,0 Sycamore Circle
55,Muxo,Mandatory analyzing policy,92 Killdeer Center
56,Linkbuzz,Grass-roots foreground standardization,83 Kings Pass
57,Abatz,Phased solution-oriented hierarchy,21 Lawn Alley
58,Skipfire,Seamless optimal help-desk,397 Alpine Parkway
59,Skivee,De-engineered regional Graphic Interface,82 Bluejay Hill
60,Meemm,Compatible composite hub,62 Canary Pass
61,Kamba,Function-based multimedia productivity,2404 Sugar Terrace
62,Browsezoom,Right-sized value-added infrastructure,6638 Atwood Terrace
63,Feednation,Optimized responsive protocol,0824 Kings Road
64,Ooba,Upgradable client-server software,315 Union Crossing
65,Rhynyx,Persevering real-time process improvement,68597 Melrose Pass
66,Ntags,Virtual asymmetric adapter,19 Charing Cross Way
67,Youspan,Virtual 3rd generation methodology,17056 Ilene Point
68,Blogpad,Customizable eco-centric encryption,566 Hanover Alley
69,Aimbo,Profound 5th generation pricing structure,792 Oak Crossing
70,Babbleset,Fundamental solution-oriented installation,91 Debra Way
71,Fivespan,Re-engineered national portal,7 Arapahoe Center
72,Dabfeed,Persevering local strategy,37 Gateway Street
73,Gabcube,Face to face asynchronous solution,23770 Del Mar Avenue
74,Ntag,Proactive logistical protocol,59504 Evergreen Plaza
75,Youspan,Universal responsive parallelism,5 Quincy Drive
76,Fiveclub,Progressive modular hierarchy,4405 Prairieview Crossing
77,Yacero,Reactive foreground productivity,6 Hazelcrest Circle
78,Photospace,Progressive holistic policy,42440 Goodland Avenue
79,Ntag,Cross-platform full-range website,40950 Dennis Park
80,Wikizz,Function-based dedicated encoding,1287 Fordem Terrace
81,Realmix,Synchronised disintermediate internet solution,9 Hansons Junction
82,Demivee,Operative bi-directional time-frame,4 Carberry Terrace
83,Innotype,Compatible system-worthy artificial intelligence,90198 Union Court
84,Teklist,Pre-emptive systematic circuit,3493 Crest Line Avenue
85,Ooba,Optimized explicit budgetary management,76742 Rigney Junction
86,Shuffledrive,Focused system-worthy initiative,85 Londonderry Drive
87,Bubbletube,Universal executive info-mediaries,980 Hovde Street
88,Dazzlesphere,Optimized optimizing hierarchy,10060 Eastwood Trail
89,Vitz,Versatile upward-trending groupware,52 Prairie Rose Lane
90,Jamia,Assimilated demand-driven website,87 Meadow Valley Point
91,Livetube,De-engineered grid-enabled monitoring,05 Springview Alley
92,Skippad,Realigned asynchronous customer loyalty,76127 Chinook Court
93,Buzzshare,Ergonomic global Graphical User Interface,6359 Cordelia Hill
94,Yoveo,Synergized global policy,2787 Bartelt Plaza
95,Edgewire,Digitized directional service-desk,801 Oak Alley
96,Kanoodle,Function-based even-keeled initiative,96 Lake View Park
97,Quimm,Integrated transitional hardware,4 Coleman Circle
98,Meevee,Extended discrete application,49641 Rowland Way
99,Shufflester,Re-engineered attitude-oriented projection,63371 Helena Court
100,Devpoint,Up-sized demand-driven project,2 Ramsey Court
101,Skipstorm,Digitized optimizing instruction set,27837 Miller Pass
102,Roomm,Inverse web-enabled migration,83 Schlimgen Plaza
103,Feedmix,Decentralized 3rd generation ability,53 Sloan Junction
104,Mynte,Future-proofed actuating system engine,695 Main Parkway
105,Mudo,Distributed user-facing approach,14 Mallard Way
106,Tazzy,Assimilated responsive flexibility,6 Independence Court
107,Twitterworks,Public-key tertiary moderator,71 Darwin Way
108,Rhynoodle,Adaptive heuristic parallelism,92207 West Plaza
109,Brainverse,Managed optimal synergy,61204 Grim Terrace
110,Fivespan,Multi-tiered intangible matrices,89944 Kingsford Drive
111,Skalith,Multi-lateral dynamic frame,99 Fulton Circle
112,Buzzshare,Networked grid-enabled hub,41306 Barnett Circle
113,Photojam,Stand-alone optimal monitoring,92582 Raven Road
114,Skimia,Re-contextualized asymmetric solution,85391 Sycamore Avenue
115,Tagcat,Balanced regional migration,2 Little Fleur Park
116,Bubblemix,Public-key neutral core,929 Vera Road
117,Skyndu,Polarised exuding matrices,3411 Hanson Lane
118,Yamia,Pre-emptive exuding superstructure,00697 Oxford Point
119,Aimbu,Down-sized fault-tolerant frame,13 1st Place
120,Leexo,Enhanced zero defect forecast,3103 Golf View Way
121,Meeveo,Multi-layered web-enabled ability,6152 Roxbury Junction
122,Jayo,Enterprise-wide scalable framework,89363 Emmet Trail
123,Omba,Organized radical throughput,17 Jenna Junction
124,Babbleblab,Virtual demand-driven utilisation,6657 Moose Circle
125,Cogidoo,Profound attitude-oriented solution,7529 American Ash Center
126,Topiczoom,Sharable high-level ability,7642 Washington Road
127,Blogpad,Customer-focused dedicated adapter,4688 Scott Trail
128,Feedfire,Triple-buffered global migration,90 Nova Pass
129,Kaymbo,Universal optimizing complexity,3 Raven Park
130,Brightdog,Enhanced systemic project,50702 Eagle Crest Terrace
131,Voolia,Object-based background standardization,5516 Surrey Parkway
132,Reallinks,Robust coherent parallelism,10015 Straubel Circle
133,Brightbean,Ameliorated solution-oriented project,2 Pond Road
134,Wordtune,Organic upward-trending Graphic Interface,35759 Schlimgen Place
135,Kazio,Cross-group foreground utilisation,9 Reinke Court
136,Meemm,Progressive 6th generation website,4 Monument Pass
137,Feednation,Up-sized bi-directional instruction set,4 Kinsman Hill
138,Edgetag,User-centric solution-oriented pricing structure,281 Superior Trail
139,Kazu,Integrated responsive customer loyalty,8830 Sloan Junction
140,Trilith,Enterprise-wide transitional parallelism,53 Lunder Park
141,Omba,Synergized upward-trending initiative,15 Leroy Terrace
142,Yacero,Total homogeneous encryption,70547 Bonner Plaza
143,Zooxo,Multi-lateral heuristic hierarchy,347 Hollow Ridge Court
144,Gigabox,Distributed 5th generation collaboration,89 Rieder Avenue
145,Minyx,Proactive fault-tolerant definition,4 Ohio Place
146,Topiczoom,Fully-configurable scalable forecast,47324 Hoepker Hill
147,Riffpath,Fundamental hybrid definition,01 Daystar Circle
148,Jaxbean,Adaptive maximized groupware,3587 Grayhawk Way
149,Skyba,Versatile attitude-oriented complexity,8615 Gateway Road
150,Gevee,Business-focused holistic methodology,65932 Florence Avenue
151,Leexo,Ameliorated context-sensitive local area network,12 Hoffman Street
152,Yakijo,Realigned multi-state structure,3 Monument Avenue
153,Quatz,Stand-alone non-volatile system engine,2 Oak Avenue
154,Dynabox,Future-proofed empowering internet solution,40 Pennsylvania Hill
155,Realmix,Assimilated attitude-oriented service-desk,78550 Fieldstone Drive
156,Youbridge,Team-oriented intermediate moratorium,5 Mccormick Place
157,Mynte,Streamlined attitude-oriented emulation,4 Village Green Avenue
158,Teklist,Innovative needs-based info-mediaries,6323 Farmco Drive
159,Kayveo,Streamlined multimedia middleware,21751 Shoshone Circle
160,Thoughtsphere,Progressive multi-state Graphical User Interface,07 Hagan Street
161,Kwideo,Future-proofed needs-based paradigm,83 Bowman Alley
162,Edgetag,Up-sized dynamic forecast,892 Basil Junction
163,Fivechat,Open-source foreground attitude,67 Warbler Circle
164,Feednation,Function-based asynchronous Graphic Interface,2 Village Place
165,Oodoo,Programmable 3rd generation Graphic Interface,08859 Messerschmidt Crossing
166,Twitterbeat,Multi-lateral zero administration toolset,3 Forest Dale Center
167,Wordware,Optional cohesive firmware,98 Dapin Parkway
168,Jetwire,Stand-alone encompassing throughput,28 Milwaukee Drive
169,Camimbo,Self-enabling exuding moratorium,15 Portage Avenue
170,Bubblemix,Inverse content-based interface,06043 Fair Oaks Center
171,Edgeclub,Customer-focused asynchronous architecture,829 Gateway Way
172,Quire,Phased contextually-based solution,0 Hazelcrest Point
173,Kayveo,Multi-lateral 3rd generation hardware,2869 Bluejay Trail
174,Camimbo,Cross-platform demand-driven attitude,00262 Kedzie Crossing
175,Pixope,Monitored multimedia matrix,5619 Westend Circle
176,Yakijo,Compatible real-time open system,6559 Forest Pass
177,Feedspan,Cross-group human-resource internet solution,128 Pearson Crossing
178,Dabjam,Object-based dedicated implementation,7397 Alpine Crossing
179,Skyndu,User-friendly zero administration capacity,3 Parkside Center
180,BlogXS,Ameliorated user-facing intranet,565 Longview Circle
181,Tekfly,Organic multi-tasking capability,39 Spaight Road
182,Edgewire,Vision-oriented real-time contingency,59601 Cottonwood Junction
183,Voonder,Reduced mission-critical local area network,57207 Autumn Leaf Terrace
184,Tagchat,Progressive asymmetric concept,112 Lerdahl Court
185,Realfire,Programmable clear-thinking open architecture,5 Lindbergh Road
186,Pixope,Cross-group directional project,87864 Londonderry Terrace
187,Agimba,Self-enabling composite matrix,991 Welch Court
188,Zoonoodle,Customer-focused clear-thinking matrices,71 Sycamore Lane
189,Wordtune,Multi-layered logistical throughput,98890 Scoville Drive
190,Oyope,Mandatory well-modulated artificial intelligence,288 Russell Court
191,Youfeed,Customizable 5th generation synergy,90053 Bonner Avenue
192,Twitterworks,Distributed global adapter,85 Esch Terrace
193,Tagtune,Stand-alone executive flexibility,41 3rd Alley
194,Wikizz,Centralized background parallelism,0 Independence Road
195,Riffwire,Compatible static projection,3044 Cordelia Trail
196,Katz,Streamlined stable strategy,4855 Johnson Alley
197,Yodo,Secured maximized process improvement,2 Farwell Drive
198,Kwideo,Compatible asynchronous knowledge user,4 Arkansas Crossing
199,JumpXS,Self-enabling disintermediate capacity,99 Bunker Hill Street
200,Youfeed,Proactive radical alliance,701 Pennsylvania Trail
201,Linkbridge,Horizontal local attitude,96109 Towne Lane
202,Rhybox,Fundamental human-resource support,6393 Brown Crossing
203,Devbug,Intuitive dynamic adapter,6415 Clyde Gallagher Alley
204,Buzzster,Grass-roots 24/7 function,08 Lindbergh Street
205,Wikibox,Configurable zero administration conglomeration,71720 Grasskamp Point
206,Lajo,Seamless fault-tolerant knowledge base,281 Westport Trail
207,Jazzy,Profit-focused client-server adapter,46 Sundown Junction
208,Chatterbridge,Synergistic eco-centric workforce,58 Iowa Parkway
209,Chatterbridge,Quality-focused zero tolerance customer loyalty,2706 Green Lane
210,Divanoodle,Grass-roots fresh-thinking throughput,16 Eastwood Terrace
211,Trilia,Customer-focused demand-driven groupware,4333 Garrison Street
212,Voolia,Reduced tangible parallelism,18981 Johnson Point
213,Photojam,Stand-alone radical archive,32 Grayhawk Terrace
214,Yadel,Optional maximized knowledge base,7661 Butternut Alley
215,Divape,Reactive fresh-thinking archive,3339 Hoffman Hill
216,Izio,Optional disintermediate firmware,97588 Hanover Point
217,Meevee,Configurable leading edge ability,15 Wayridge Place
218,Yacero,Devolved 3rd generation utilisation,82371 Thompson Hill
219,Wikibox,Switchable object-oriented alliance,44 Division Hill
220,Rhycero,Pre-emptive bottom-line open architecture,75383 Bunker Hill Terrace
221,Yacero,Triple-buffered homogeneous Graphic Interface,93 Dryden Trail
222,Yacero,Innovative zero tolerance collaboration,3 Erie Court
223,JumpXS,Cross-group intermediate function,64867 Carpenter Street
224,Gabtype,Future-proofed stable concept,37 Crowley Trail
225,Brainsphere,Switchable dynamic moratorium,34 Farragut Plaza
226,Divape,Synergistic multimedia attitude,6 Susan Crossing
227,BlogXS,Upgradable bottom-line customer loyalty,62 Welch Center
228,Dabjam,Synergized modular application,218 Chive Avenue
229,Aimbo,Progressive needs-based structure,2 Russell Drive
230,Rhynoodle,Customizable human-resource policy,44 Oriole Park
231,Einti,Inverse exuding middleware,664 Doe Crossing Street
232,Browsedrive,Open-source neutral model,532 Portage Park
233,Wordpedia,Front-line intermediate access,1142 Harper Alley
234,Linkbuzz,Persevering coherent knowledge user,2 Knutson Circle
235,Yakitri,Virtual leading edge definition,7797 Daystar Junction
236,Rhybox,Implemented responsive artificial intelligence,2 Leroy Pass
237,Demivee,Right-sized context-sensitive ability,58211 Farmco Road
238,Jazzy,Enterprise-wide tertiary hierarchy,934 Wayridge Hill
239,Jabberbean,Stand-alone intangible policy,987 Superior Park
240,Yakidoo,Future-proofed analyzing contingency,50612 Mayer Lane
241,Tagchat,Enhanced stable firmware,1 Macpherson Court
242,Quimba,Fully-configurable high-level middleware,60018 Anzinger Plaza
243,Edgewire,Organic secondary secured line,83473 Village Point
244,Browsezoom,Proactive static initiative,66438 Myrtle Circle
245,Realmix,Centralized systematic time-frame,4 Nancy Terrace
246,Aivee,Face to face mission-critical extranet,29 Moulton Drive
247,Eamia,Customer-focused secondary methodology,5 Esch Lane
248,Omba,Stand-alone next generation customer loyalty,0056 Sunfield Trail
249,Yadel,Intuitive cohesive utilisation,75 Blaine Trail
250,Linklinks,Optimized neutral archive,8223 Melvin Pass
251,Leenti,Upgradable user-facing complexity,18 Goodland Terrace
252,Tagpad,Upgradable 24/7 project,8 Charing Cross Place
253,Blognation,Cloned zero administration support,90002 Burning Wood Alley
254,Livefish,Inverse multi-tasking software,33 Rusk Terrace
255,Bluejam,Operative fault-tolerant infrastructure,39 Kinsman Lane
256,Skiptube,Triple-buffered reciprocal encoding,034 Arrowood Avenue
257,Brainbox,Ameliorated tertiary throughput,70 Swallow Pass
258,BlogXS,Switchable homogeneous application,0 Warbler Plaza
259,Wikizz,Synergized coherent firmware,548 Hudson Hill
260,Blogtag,Grass-roots static open system,9 Jana Parkway
261,Trilith,Fully-configurable neutral implementation,189 Old Gate Parkway
262,Brainverse,Vision-oriented real-time archive,12 Maywood Place
263,Fivespan,Re-contextualized responsive structure,74 Mitchell Court
264,Demizz,Reactive tangible utilisation,68218 Pierstorff Circle
265,Rhycero,Team-oriented object-oriented encryption,510 Linden Road
266,Brainsphere,Open-architected bifurcated policy,2 Haas Crossing
267,Ntags,Re-engineered zero tolerance software,7241 Oneill Plaza
268,Kare,Automated client-driven extranet,0207 Kennedy Parkway
269,Zoonoodle,Down-sized eco-centric migration,224 Kensington Place
270,Quire,Devolved bi-directional task-force,4844 Dottie Street
271,Flipopia,Inverse bandwidth-monitored circuit,3 Jenifer Street
272,Dabvine,Robust optimizing instruction set,68 Warbler Hill
273,Oloo,Business-focused user-facing migration,5 Old Shore Street
274,Realcube,Reactive zero tolerance toolset,06 Westerfield Trail
275,Dynava,Persevering fault-tolerant standardization,593 Petterle Crossing
276,Yodel,Open-source maximized database,6826 Troy Alley
277,Oyondu,Multi-lateral zero administration structure,8845 Schiller Point
278,Browsedrive,Face to face zero defect local area network,0979 Almo Point
279,Eabox,Triple-buffered attitude-oriented alliance,5 Warner Center
280,Browsetype,Realigned modular concept,6394 American Plaza
281,Fadeo,Ergonomic actuating functionalities,207 Del Mar Place
282,Skaboo,Cross-group full-range emulation,0 Prentice Hill
283,Edgeblab,Business-focused interactive moderator,66528 Petterle Way
284,Katz,Optional directional policy,97216 Morningstar Point
285,Dynabox,Vision-oriented uniform access,4 Forster Road
286,Meemm,Distributed needs-based system engine,704 Mcguire Center
287,Skipfire,Programmable analyzing knowledge user,65 Morningstar Park
288,Tagcat,Expanded empowering time-frame,4 Prairie Rose Circle
289,Quinu,Front-line object-oriented secured line,17 Clyde Gallagher Hill
290,Devbug,Programmable cohesive middleware,42 Morrow Way
291,Oozz,Optional homogeneous synergy,426 Fisk Alley
292,Topicware,De-engineered homogeneous firmware,9 Maple Place
293,Devcast,Future-proofed background implementation,55506 Victoria Trail
294,Tagtune,Sharable high-level parallelism,46 Fulton Point
295,Shuffledrive,Progressive demand-driven parallelism,9261 Killdeer Terrace
296,Plajo,Multi-lateral exuding encryption,2465 Schmedeman Hill
297,Roodel,Universal maximized artificial intelligence,9 Spenser Way
298,Ailane,Enhanced explicit data-warehouse,1054 Sauthoff Alley
299,Skalith,Ameliorated local toolset,50 Charing Cross Drive
300,Topdrive,Multi-tiered uniform neural-net,46292 Village Green Way
301,Jabberstorm,Diverse leading edge model,8 Summerview Alley
302,Jetwire,Versatile web-enabled approach,66 Moulton Pass
303,Oyonder,Enterprise-wide multi-tasking implementation,86991 Leroy Center
304,Oyondu,Business-focused heuristic synergy,2461 Sundown Alley
305,Livetube,Versatile user-facing throughput,570 Sunbrook Terrace
306,Avamm,Integrated 6th generation interface,91 Messerschmidt Way
307,Tagopia,Focused analyzing monitoring,6588 Crest Line Road
308,Voolith,Compatible solution-oriented toolset,4 Elgar Lane
309,Trilia,User-centric secondary architecture,2 David Pass
310,Jayo,Reduced fault-tolerant budgetary management,48150 Dawn Plaza
311,Kamba,Reverse-engineered dedicated system engine,90083 Declaration Street
312,Browsetype,Versatile stable knowledge base,387 Dexter Circle
313,Livefish,Progressive optimal archive,635 5th Road
314,Quinu,Vision-oriented mission-critical portal,58 Shasta Plaza
315,Voonyx,Reduced methodical methodology,53091 Nova Parkway
316,Topicshots,Adaptive holistic migration,7 Forster Lane
317,Demizz,Intuitive mission-critical forecast,5 Daystar Place
318,Bluezoom,Operative bandwidth-monitored attitude,97177 Rieder Pass
319,Linklinks,Upgradable 3rd generation functionalities,9953 Kim Junction
320,Kare,Re-engineered non-volatile capacity,045 Macpherson Center
321,Shuffledrive,Virtual exuding superstructure,90970 Drewry Place
322,Twitterbeat,Horizontal exuding budgetary management,01 Briar Crest Avenue
323,Quaxo,Upgradable demand-driven database,416 Kenwood Circle
324,Snaptags,Future-proofed intermediate projection,206 Barnett Hill
325,Oyoyo,Horizontal real-time infrastructure,3 Vidon Hill
326,Roodel,Proactive object-oriented website,6276 Kingsford Road
327,Avavee,Fully-configurable even-keeled knowledge base,98 Mcbride Hill
328,Midel,Multi-lateral optimal conglomeration,19042 Superior Lane
329,Gigazoom,Object-based didactic neural-net,52935 Mallard Place
330,Jabbersphere,Configurable global product,6 Sundown Road
331,Buzzbean,Cloned global archive,62 Magdeline Crossing
332,Trudoo,Organic grid-enabled software,7 Buhler Terrace
333,Thoughtbeat,Virtual client-driven complexity,087 Grayhawk Street
334,Avavee,Multi-layered methodical strategy,85 Montana Terrace
335,Thoughtstorm,Extended optimizing challenge,7 Dennis Park
336,Twimbo,Configurable maximized structure,2 Forster Street
337,Avaveo,Total systematic instruction set,34055 Sugar Terrace
338,Gabtune,Grass-roots actuating monitoring,4 Truax Court
339,Dynava,Multi-tiered demand-driven portal,15 Carioca Avenue
340,Skaboo,Reduced composite concept,66 Red Cloud Drive
341,Skyble,Optimized 4th generation help-desk,146 Spohn Point
342,Meevee,Versatile systemic service-desk,62 Lawn Center
343,Skinix,Automated well-modulated synergy,2 Lake View Lane
344,Buzzbean,Integrated content-based implementation,44 Heffernan Pass
345,Trilia,Compatible discrete productivity,1 Delladonna Point
346,Kwinu,Multi-layered client-server array,22070 Lyons Plaza
347,Youspan,Operative next generation application,85 Norway Maple Court
348,Devcast,Front-line multi-tasking hub,8926 Menomonie Hill
349,Yacero,Customizable bandwidth-monitored open system,4 Bay Terrace
350,Voolia,Progressive asymmetric extranet,5980 Montana Lane
351,Bubblemix,Quality-focused tangible application,73156 Hanson Point
352,Wikizz,Switchable holistic website,2 Barby Parkway
353,Vidoo,Multi-layered bottom-line architecture,8800 Arizona Park
354,Fatz,Exclusive systematic data-warehouse,435 Jenna Street
355,Bubblebox,De-engineered explicit service-desk,9 Arapahoe Center
356,Edgetag,Proactive background approach,8149 Meadow Ridge Junction
357,Jabbercube,Total reciprocal circuit,201 Vermont Road
358,Jazzy,Integrated demand-driven model,1876 Colorado Pass
359,Babbleset,Customizable high-level secured line,5949 Bay Crossing
360,Jetwire,Multi-channelled local conglomeration,41 Merchant Point
361,Feedmix,Reactive asynchronous task-force,58590 Monument Crossing
362,Avamm,Profit-focused hybrid adapter,4 Springview Trail
363,Topiclounge,Enterprise-wide radical productivity,411 Shoshone Terrace
364,Trilia,User-centric coherent extranet,99 Eliot Park
365,Browsecat,Integrated bandwidth-monitored moderator,568 Saint Paul Park
366,Bubblemix,Implemented static project,1 Fieldstone Parkway
367,Meedoo,Function-based intermediate superstructure,221 Hintze Terrace
368,Dablist,Enterprise-wide systemic interface,5416 Del Sol Trail
369,Livetube,Monitored fresh-thinking neural-net,1 Sachtjen Lane
370,Devpulse,Organized mobile analyzer,0 Mallard Terrace
371,Quinu,Stand-alone leading edge success,9874 Harper Road
372,LiveZ,Multi-channelled optimal initiative,1 Vermont Way
373,Photospace,Extended upward-trending neural-net,95 Rutledge Plaza
374,Reallinks,Persistent bi-directional matrices,114 Tony Plaza
375,Flashspan,Profit-focused needs-based installation,01 Homewood Hill
376,Babbleopia,Synchronised context-sensitive alliance,5484 Sommers Junction
377,Zoomlounge,Multi-lateral zero tolerance solution,550 Hintze Parkway
378,Katz,Robust eco-centric matrix,7329 Cherokee Hill
379,Avamm,Configurable explicit contingency,56 Sunbrook Junction
380,Centimia,Total attitude-oriented hierarchy,38608 Ilene Alley
381,Topdrive,Realigned attitude-oriented implementation,89953 Sunbrook Point
382,Zazio,Secured transitional methodology,32832 Iowa Trail
383,Quimm,Exclusive logistical database,121 Melvin Trail
384,InnoZ,Balanced intangible ability,02350 Lyons Drive
385,Dynava,Visionary user-facing neural-net,5 Grover Lane
386,Trilia,Open-source exuding hardware,21352 Namekagon Drive
387,Jaxnation,Upgradable hybrid time-frame,2 Londonderry Point
388,Skyndu,Up-sized homogeneous service-desk,591 Marquette Lane
389,Mita,Multi-tiered context-sensitive process improvement,7129 Fordem Pass
390,Topiclounge,Function-based hybrid model,83465 Rockefeller Park
391,Kimia,Synchronised optimizing challenge,315 Spohn Junction
392,Shuffletag,Synergistic content-based flexibility,67634 Little Fleur Street
393,Yotz,Face to face client-server moderator,6001 Morningstar Junction
394,Demizz,Upgradable homogeneous paradigm,754 Tony Drive
395,Tambee,Extended asynchronous system engine,27 Dapin Hill
396,Tazzy,Optimized dedicated product,49 Barnett Terrace
397,Avaveo,Profound bi-directional budgetary management,498 Summerview Crossing
398,Feedfish,Centralized zero defect info-mediaries,460 Green Court
399,Buzzbean,Centralized heuristic open system,2642 Hallows Drive
400,Thoughtmix,Future-proofed next generation hub,333 Thierer Circle
401,Teklist,Enterprise-wide optimizing interface,70 Monterey Way
402,Zoomlounge,Business-focused 24 hour service-desk,8019 Dryden Pass
403,Trudoo,Customer-focused coherent implementation,27117 Logan Hill
404,Yakijo,Advanced optimal collaboration,7 Knutson Court
405,Gabtune,Innovative upward-trending orchestration,2999 Novick Way
406,Oyoyo,Robust systematic monitoring,1212 Northview Junction
407,Mybuzz,Networked didactic analyzer,5 Kim Park
408,Talane,Enhanced executive budgetary management,93651 Tomscot Hill
409,Shuffledrive,Diverse leading edge policy,1141 Old Gate Trail
410,Oozz,Total mobile definition,9633 Granby Court
411,Mynte,De-engineered 5th generation capability,6 Stephen Trail
412,Quimba,Open-source interactive alliance,58190 Maple Trail
413,Kazu,Streamlined 24/7 infrastructure,10968 Russell Drive
414,Browsebug,Fundamental maximized orchestration,14749 Bellgrove Road
415,Meedoo,Networked solution-oriented instruction set,49 Oneill Road
416,Chatterbridge,Synergistic client-driven adapter,50 Darwin Center
417,Kanoodle,Virtual context-sensitive support,53 Canary Court
418,Eazzy,Managed regional structure,185 Portage Street
419,Meemm,Polarised regional database,9478 Elka Park
420,Eare,Expanded upward-trending portal,052 Scofield Circle
421,Feednation,Organic fresh-thinking frame,4 Tennyson Crossing
422,Tekfly,Ameliorated asynchronous implementation,59226 Autumn Leaf Junction
423,Ailane,Up-sized contextually-based workforce,394 Donald Alley
424,Kazu,Reduced intermediate array,88 Sunfield Way
425,Photobug,Reduced uniform time-frame,578 Comanche Street
426,Brainverse,Multi-channelled didactic architecture,4 Roxbury Lane
427,Twitterbridge,Pre-emptive context-sensitive service-desk,54673 Wayridge Crossing
428,Livepath,Function-based global methodology,46271 Ridgeway Way
429,Browsedrive,Enhanced next generation capability,42 Kinsman Pass
430,Eamia,Multi-tiered 24 hour synergy,1 Barby Avenue
431,Tagchat,Customizable didactic emulation,1878 Kedzie Drive
432,Realcube,Business-focused hybrid parallelism,92 Carioca Pass
433,Topiczoom,Devolved heuristic workforce,383 Warrior Way
434,Minyx,Function-based human-resource attitude,1 Stuart Junction
435,Muxo,Face to face neutral synergy,70053 Annamark Place
436,Photobean,Focused directional support,65 Eliot Street
437,Npath,Persistent dynamic system engine,08 Southridge Parkway
438,Voomm,Cross-platform responsive superstructure,845 Ridgeview Crossing
439,Zoovu,Polarised even-keeled help-desk,24641 Bashford Avenue
440,Yakidoo,Monitored zero defect function,21277 Marquette Park
441,Thoughtstorm,Universal maximized alliance,70 Knutson Terrace
442,Aibox,Fundamental composite moratorium,7658 Ruskin Lane
443,Yakidoo,Upgradable contextually-based functionalities,231 Saint Paul Pass
444,Gigabox,Re-contextualized executive customer loyalty,8205 Hayes Park
445,Demizz,Open-architected optimal neural-net,03227 Glendale Plaza
446,Linkbuzz,Re-engineered asymmetric implementation,52 Anzinger Alley
447,Yambee,Innovative encompassing groupware,19086 Carberry Alley
448,Wikizz,Horizontal dedicated intranet,1 Dryden Pass
449,Livepath,Stand-alone zero defect utilisation,75 Hagan Terrace
450,Gigabox,Focused demand-driven structure,3649 Hoard Center
451,Podcat,Future-proofed scalable extranet,1 Burrows Hill
452,Eadel,Object-based global methodology,67 Summer Ridge Avenue
453,Flipstorm,Public-key zero defect portal,2051 Northland Parkway
454,Wikibox,Centralized didactic benchmark,2 Meadow Ridge Street
455,Geba,Phased attitude-oriented capability,565 Bellgrove Lane
456,Buzzbean,Reactive secondary methodology,54 Loeprich Center
457,Oyope,Realigned maximized frame,698 Hagan Park
458,Dabtype,Devolved system-worthy superstructure,7 Ilene Alley
459,Twitterlist,Open-architected secondary workforce,16482 Monterey Plaza
460,Camido,Diverse non-volatile intranet,460 Drewry Center
461,Gabvine,Multi-lateral logistical artificial intelligence,225 Sutherland Pass
462,Yozio,Face to face foreground infrastructure,15 Pearson Parkway
463,Twimbo,Centralized asynchronous intranet,84517 Schmedeman Street
464,Wordpedia,Managed motivating installation,02 Division Circle
465,Viva,Exclusive incremental parallelism,8005 Erie Court
466,Kazu,Right-sized reciprocal contingency,7 Luster Plaza
467,Rhyloo,Optional solution-oriented local area network,3614 Charing Cross Lane
468,Realbuzz,Monitored 3rd generation success,688 Northridge Pass
469,Zoovu,Synergistic attitude-oriented implementation,64800 Cardinal Junction
470,InnoZ,Visionary mobile superstructure,3 Fisk Place
471,Flashpoint,Horizontal static utilisation,635 Tennyson Terrace
472,Jazzy,Balanced tangible solution,6 American Park
473,Jabberbean,Total asymmetric software,929 Northland Road
474,Snaptags,Monitored uniform firmware,3 Sutherland Trail
475,Rhyzio,Extended stable project,0740 Raven Place
476,Cogilith,Synergistic high-level task-force,083 Mallory Road
477,Eamia,Cross-platform non-volatile internet solution,540 Mayer Street
478,Latz,Monitored even-keeled intranet,90 Summer Ridge Avenue
479,Skimia,Re-contextualized dedicated instruction set,42761 Quincy Crossing
480,Kanoodle,Exclusive upward-trending matrices,20924 Forest Road
481,Yambee,Automated intermediate process improvement,2920 Mcguire Avenue
482,Thoughtbridge,Synchronised interactive monitoring,2 Everett Terrace
483,Thoughtsphere,Persevering uniform migration,44169 Kim Crossing
484,Yotz,Ergonomic 24 hour data-warehouse,423 Village Green Circle
485,Flashpoint,Versatile bandwidth-monitored core,761 Burrows Way
486,Aibox,Synchronised asymmetric product,67805 Bellgrove Junction
487,Yoveo,Re-engineered impactful leverage,350 Express Drive
488,Demimbu,Multi-lateral background matrix,91857 Bluejay Junction
489,Tekfly,User-centric maximized product,8854 Miller Court
490,Gabspot,Managed 3rd generation portal,194 Golf Plaza
491,Brainbox,User-friendly empowering challenge,42 Butternut Drive
492,Kaymbo,Advanced clear-thinking encryption,0 Chinook Street
493,Topicshots,Multi-channelled homogeneous task-force,47265 Graceland Circle
494,Tekfly,User-friendly well-modulated projection,2481 Swallow Plaza
495,Babblestorm,Universal impactful success,1067 Fulton Park
496,Realcube,Adaptive context-sensitive complexity,3 Northwestern Drive
497,Centidel,Universal systematic internet solution,34 Pond Park
498,Browsecat,Up-sized multi-state knowledge user,0 Buhler Avenue
499,Yoveo,Cloned local implementation,1287 Barby Plaza
500,Yakidoo,Profit-focused uniform matrix,47 Melody Junction