1,Benztropine Mesylate,Upgradable content-based project
2,"DEXTROMETHORPHAN HYDROBROMIDE, MENTHOL",Polarised multi-tasking product
3,codeine sulfate,Right-sized disintermediate superstructure
4,Zinc Oxide,Cross-group mission-critical productivity
5,Goldenrod,Phased multi-tasking paradigm
6,Ondansetron Hydrochloride and Dextrose,Configurable leading edge secured line
7,Acyclovir,Upgradable responsive function
8,DOCUSATE CALCIUM,Seamless system-worthy groupware
9,Montelukast Sodium,Monitored content-based portal
10,promethazine hydrochloride,Customer-focused incremental infrastructure
11,LIDOCAINE HYDROCHLORIDE,Face to face optimizing solution
12,alprazolam,Reactive tertiary alliance
13,"MAGNESIUM PHOSPHATE, DIBASIC TRIHYDRATE",Streamlined logistical orchestration
14,Ziprasidone Hydrochloride Monohydrate,Reverse-engineered zero defect installation
15,Omeprazole,Business-focused high-level capacity
16,CYCLAMEN EUROPAEUM,Monitored exuding projection
17,"TITANIUM DIOXIDE, OCTINOXATE, OCTISALATE",Ameliorated responsive collaboration
18,Acetaminophen,Cloned multi-state process improvement
19,Loratadine,Versatile bandwidth-monitored focus group
20,"zinc oxide, dimethicone",Monitored systematic knowledge user
21,Bismuth subsalicylate,Profit-focused 6th generation archive
22,Alprazolam,Compatible explicit project
23,Oxygen,Organic 24 hour paradigm
24,Aurum 6,Pre-emptive web-enabled functionalities
25,Ibuprofen,Pre-emptive disintermediate concept
26,Aluminum Zirconium Octachlorohydrex Gly,Universal next generation toolset
27,Alcohol,Robust mission-critical artificial intelligence
28,"Pelargonium sidoides, Aconitum Napellus, Bryonia, Eucalyptus Globulus, Eupatorium Perfoliatum, Gelsemium Sempervirens, Ipecacuanha, Phosphorus",Grass-roots discrete standardization
29,"Titanium Dioxide, Octinoxate/EthylhexylMehtoxycinnamate",Open-architected global Graphical User Interface
30,Bumetanide,Profound zero tolerance task-force
31,OCTINOXATE and OXYBENZONE,Upgradable disintermediate portal
32,Phenol,Ameliorated system-worthy productivity
33,PredniSONE,Optional user-facing core
34,Chloroxylenol,Stand-alone 24 hour throughput
35,doxycycline,Synergized national frame
36,Diclofenac epolamine,Triple-buffered disintermediate matrices
37,hydrocortisone,Vision-oriented 6th generation infrastructure
38,Dextromethorphan Hydrobromide and Promethazine Hydrochloride,Diverse asynchronous protocol
39,amlodipine and atorvastatin,Open-architected intangible orchestration
40,Dextromethorphan HBr,Open-architected motivating infrastructure
41,"OCTINOXATE, OCTOCRYLENE, TITANIUM DIOXIDE, and ZINC OXIDE",Stand-alone even-keeled budgetary management
42,Lidocaine Hydrochloride and Epinephrine Bitartrate,Balanced homogeneous budgetary management
43,nabumetone,Visionary bottom-line process improvement
44,Levothyroxine Sodium,Visionary clear-thinking artificial intelligence
45,Fosinopril Sodium and Hydrochlorothiazide Tablet,Synchronised solution-oriented frame
46,Yellow Pine,Realigned stable strategy
47,Zinc Oxide,Diverse regional secured line
48,"Acetaminophen, Dextromethorphan Hydrobromide, Phenylephrine Hydrochloride",Enterprise-wide analyzing approach
49,"Avobenzone, Homosalate, Octisalate, Octocrylene, Oxybenzone",Open-architected attitude-oriented paradigm
50,Isopropyl Alcohol,Re-contextualized didactic instruction set
51,Conium maculatum and Natrium muriaticum and Ruta graveolens and Senega officinalis,Phased exuding superstructure
52,Ondansetron,Quality-focused 6th generation approach
53,"Avobenzone, Homosalate, Octinoxate, Octisalate, Octocrylene, and Oxybenzone",Open-architected intangible hub
54,"Aluminum hydroxide, Magnesium hydroxide, Simethicone",Customizable intermediate infrastructure
55,alprazolam,Proactive explicit core
56,Coast Maple,Self-enabling uniform open architecture
57,Benzonatate,Right-sized modular core
58,Brompheniramine Maleate and Phenylephrine Hydrochloride,Open-source value-added workforce
59,metronidazole,Sharable holistic framework
60,Povidone-Iodine,Progressive even-keeled focus group
61,Potassium Chloride,Upgradable impactful task-force
62,Carbamazepine,Pre-emptive incremental frame
63,Erythromycin,Balanced full-range time-frame
64,Bay Leaf,Face to face leading edge protocol
65,Glycerin,Horizontal homogeneous leverage
66,Benzethonium Chloride,Intuitive multi-tasking hardware
67,"PIPERACILLIN SODIUM,TAZOBACTAM SODIUM",Secured regional analyzer
68,pravastatin sodium,Enhanced grid-enabled extranet
69,PYRITHIONE ZINC,Vision-oriented intermediate capacity
70,"Dextroamphetamine Saccharate, Amphetamine Aspartate, Dextroamphetamine Sulfate, and Amphetamine Sulfate",Synchronised secondary monitoring
71,Titanium Dioxide and Zinc Oxide,Total zero administration encryption
72,ALCOHOL,Quality-focused 24/7 paradigm
73,Octinoxate,Secured content-based budgetary management
74,Medroxyprogesterone Acetate,Profound clear-thinking hub
75,Octinoxate and Zinc Oxide,Reduced secondary firmware
76,Clopidogrel Bisulfate,Polarised explicit Graphic Interface
77,leuprolide acetate,Horizontal interactive frame
78,"Antihemophilic Factor, Human Recombinant",Cloned secondary synergy
79,Nicotine Polacrilex,Multi-layered well-modulated solution
80,Witch Hazel,Decentralized dynamic service-desk
81,Lidocaine,Streamlined modular standardization
82,PERPHENAZINE,Fully-configurable background local area network
83,Menthol,Synergistic interactive knowledge base
84,Hydrocodone Bitartrate and Acetaminophen,Seamless radical leverage
85,CEFTRIAXONE,Multi-channelled dedicated artificial intelligence
86,BOTRYTIS CINEREA,Seamless tangible installation
87,Divalproex Sodium,Re-contextualized exuding groupware
88,Bismuth Subsalicylate,Re-contextualized bandwidth-monitored synergy
89,PRIMIDONE,Phased hybrid utilisation
90,Atenolol,Triple-buffered bi-directional groupware
91,Titanium dioxide,Self-enabling clear-thinking functionalities
92,Petrolatum,Triple-buffered discrete framework
93,Titanium dioxide,Re-engineered real-time info-mediaries
94,"Diphenhydramine HCl, Zinc Acetate",Upgradable 6th generation internet solution
95,Ergotamine Tartrate and Caffeine,Public-key discrete project
96,Zinc Oxide,Universal human-resource concept
97,Naproxen Sodium,Progressive systematic internet solution
98,Diltiazem Hydrochloride,Phased tertiary benchmark
99,Ibuprofen,Vision-oriented national budgetary management
100,Dextromethorphan Hydrobromide Chlorpheniramine Maleate,Synergized transitional info-mediaries
101,"bacitracin zinc, neomycin sulfate, polymyxin B sulfate, and pramoxine hydrochloride",Reduced impactful architecture
102,Mirtazapine,Virtual value-added framework
103,Chlorpheniramine Maleate and Codeine Phosphate,Stand-alone zero tolerance forecast
104,Levothyroxine Sodium,Diverse multi-tasking functionalities
105,follitropin alfa,Business-focused holistic moderator
106,"Cedar, Mountain Juniperus ashei",Devolved optimal complexity
107,ALUMINUM CHLOROHYDRATE,Cross-platform tertiary paradigm
108,"CALENDULA OFFICINALIS FLOWERING TOP, Geranium Maculatum Root, SODIUM CHLORIDE, Ranunculus bulbosus, Toxicodendron pubescens leaf, and Zinc",Balanced empowering hub
109,Ondansetron Hydrochloride,Decentralized global local area network
110,Benzoyl Peroxide,Grass-roots uniform synergy
111,metoprolol tartrate and hydrochlorothiazide,Open-source zero defect middleware
112,Loperamide Hydrochloride,Sharable grid-enabled middleware
113,Isopropyl Alcohol,Optional foreground budgetary management
114,"Acetaminophen, Dextromethorphan Hydrobromide, Doxylamine Succinate",Configurable zero administration core
115,ISOPROPYL ALCOHOL,Customer-focused multi-tasking policy
116,desvenlafaxine,Reduced context-sensitive workforce
117,TRICLOSAN,Team-oriented 3rd generation neural-net
118,Furosemide,Vision-oriented composite knowledge base
119,Carbamazepine,Multi-lateral responsive matrix
120,potassium chloride,Total modular system engine
121,pyrithione zinc,User-friendly fresh-thinking ability
122,Chlorpheniramine maleate,Sharable methodical core
123,Virginia Live Oak,Polarised reciprocal installation
124,metaxalone,Optimized optimal Graphical User Interface
125,Ceftriaxone,Open-architected modular secured line
126,OCTINOXATE and TITANIUM DIOXIDE,Organic stable function
127,"OCTINOXATE, AVOBENZONE AND OCTISALATE",Quality-focused maximized Graphic Interface
128,PYRITHIONE ZINC,Advanced optimizing algorithm
129,Promethazine Hydrochloride,Optimized well-modulated application
130,"bacitracin zinc,neomycin sulfate, polymyxin b sulfate, pramoxine hcl",Pre-emptive holistic policy
131,furosemide,Fully-configurable coherent utilisation
132,benzalkonium chloride,Intuitive 3rd generation database
133,MIRTAZAPINE,Proactive neutral extranet
134,methylphenidate hydrochloride,Focused system-worthy focus group
135,Atenolol,Seamless holistic moratorium
136,Protriptyline hydrochloride,Implemented global extranet
137,rabeprazole sodium,Expanded human-resource analyzer
138,Omeprazole Magnesium,Organized didactic matrix
139,"Rock Water,",Ameliorated 6th generation structure
140,degarelix,Upgradable hybrid contingency
141,"Benzocaine 20%, Benzalkonium Chloride",Virtual homogeneous infrastructure
142,Ursodiol,Business-focused 4th generation archive
143,Olanzapine,Inverse tertiary monitoring
144,ALCOHOL,Up-sized cohesive architecture
145,Lamotrigine,Ergonomic bandwidth-monitored access
146,Ceftriaxone Sodium,Open-source multi-state customer loyalty
147,Estradiol and Norethindrone Acetate,Cross-platform clear-thinking hub
148,"Acetaminophen, Dextromethorphan Hydrobromide, Doxylamine Succinate",Ergonomic grid-enabled synergy
149,"Acetaminophen, Dextromethorphan HBr, Doxylamine succinate",Cloned background artificial intelligence
150,Zinc Oxide,Future-proofed bottom-line initiative
151,PETROLATUM,Vision-oriented uniform budgetary management
152,Duloxetine,Universal explicit standardization
153,fluconazole,Programmable methodical definition
154,"anti-interleukin-1.alpha. immunoglobulin g rabbit, bos taurus ankle joint, sus scrofa ankle joint, bos taurus joint capsule, sus scrofa joint capsule, brain-derived neurotrophic factor human, metenkefalin, ersofermin, bos taurus solar plexus, sus scrofa solar plexus, calcitonin, bos taurus frontal lobe, sus scrofa frontal lobe, bos taurus hip joint, sus scrofa hip joint, bos taurus hippocampus, sus scrofa hippocampus, bos taurus hypothalamus, sus scrofa hypothalamus, mecasermin rinfabate",Down-sized disintermediate flexibility
155,bupropion hydrochloride,User-centric demand-driven circuit
156,Caffeine,Profit-focused bifurcated parallelism
157,Ampicillin Sodium and Sulbactam Sodium,Managed high-level secured line
158,Nedocromil Sodium,Robust impactful Graphical User Interface
159,Phenylephrine HCl,Streamlined responsive policy
160,Common Sagebrush,Universal local definition
161,Hydrochlorothiazide,Automated coherent challenge
162,"EUPATORIUM PERFOLIATUM FLOWERING TOP, BRYONIA ALBA ROOT, GELSEMIUM SEMPERVIRENS ROOT, EUPHRASIA STRICTA, POTASSIUM IODIDE, and CAIRINA MOSCHATA HEART/LIVER AUTOLYSATE",Pre-emptive asymmetric portal
163,ZINC OXIDE,Customizable intangible database
164,Oxybutynin Chloride,User-centric interactive help-desk
165,Nizatidine,Open-source dynamic service-desk
166,WITCH HAZEL,Programmable client-driven functionalities
167,"AVOBENZONE, OCTINOXATE, OCTISALATE, OXYBENZONE",Enterprise-wide value-added secured line
168,Salicylic Acid,Up-sized directional access
169,Linden (Basswood) Tilia americana,Monitored object-oriented focus group
170,Beef,Reduced 24/7 knowledge user
171,Cyclobenzaprine Hydrochloride,Virtual client-driven forecast
172,topiramate,Customizable neutral flexibility
173,TITANIUM DIOXIDE,Right-sized mission-critical leverage
174,Aspirin and Caffeine,Grass-roots dynamic projection
175,levothyroxine sodium,Digitized high-level framework
176,Levetiracetam,Synergistic transitional projection
177,"OCTINOXATE, TITANIUM DIOXIDE, ZINC OXIDE",Switchable 5th generation local area network
178,"OCTINOXATE, TITANIUM DIOXIDE",Vision-oriented contextually-based utilisation
179,Warfarin Sodium,Multi-lateral zero defect knowledge base
180,Menthol,Organic multi-state groupware
181,Aluminum Tetrachlorohydrex GLY,Synergistic secondary initiative
182,SODIUM MONOFLUOROPHOSPHATE,Front-line intangible ability
183,"Avobenzone, Homosalate, Octisalate, and Octocrylene",Configurable user-facing internet solution
184,Duloxetine hydrochloride,Polarised systematic process improvement
185,Duloxetine,Secured empowering instruction set
186,Clopidogrel Bisulfate,Persistent multi-state capacity
187,Doxycycline hyclate,Enhanced composite support
188,Amoxicillin,Optional secondary internet solution
189,Danazol,Triple-buffered interactive pricing structure
190,VENLAFAXINE HYDROCHLORIDE,Function-based human-resource superstructure
191,"Octinoxate, Oxybenzone, and Titanium Dioxide",Multi-layered analyzing infrastructure
192,"Animal Allergens, Dog Dander Canis spp",Re-contextualized dedicated interface
193,Alcohol,Robust optimizing budgetary management
194,QUETIAPINE FUMARATE,Compatible heuristic installation
195,"octinoxate, octisalate, oxybenzone, titanium dioxide",Polarised regional portal
196,Metoprolol Tartrate,Future-proofed national benchmark
197,isopropyl alcohol,Cross-group optimizing system engine
198,Menthol,Front-line transitional framework
199,ALCOHOL,Sharable high-level complexity
200,Triclosan,Networked human-resource budgetary management