1,Tazz,Robust maximized database,2015-08-13,2,18
2,Viva,Exclusive even-keeled complexity,2016-01-30,3,35
3,Realfire,Universal systemic approach,2015-08-05,4,52
4,Livetube,Automated responsive instruction set,2015-02-07,5,69
5,Fatz,Multi-channelled clear-thinking analyzer,2016-08-07,6,86
6,Photolist,Open-source empowering core,2016-04-18,7,103
7,Edgeblab,Vision-oriented 3rd generation process improvement,2016-04-24,8,120
8,Yabox,Secured full-range model,2015-12-23,9,137
9,Jetwire,Persistent holistic pricing structure,2017-02-19,10,154
10,Tazzy,Team-oriented asymmetric secured line,2017-08-10,11,171
11,Gabtune,Seamless object-oriented ability,2017-05-11,12,188
12,Tanoodle,Enhanced 3rd generation structure,2017-02-10,13,205
13,Yacero,Polarised 3rd generation strategy,2017-07-16,14,222
14,Aibox,Compatible demand-driven support,2016-07-15,15,239
15,Devshare,Virtual multi-tasking framework,2016-08-13,16,256
16,Realfire,Polarised logistical process improvement,2017-06-01,17,273
17,Omba,Enterprise-wide human-resource collaboration,2015-12-18,18,290
18,Oloo,Centralized reciprocal support,2015-11-18,19,307
19,Tagpad,Managed maximized challenge,2017-01-30,20,324
20,Npath,Stand-alone fresh-thinking archive,2015-09-02,21,341
21,Tagtune,Pre-emptive tangible knowledge base,2016-12-16,22,358
22,Realbuzz,Compatible directional instruction set,2017-08-03,23,375
23,Bubbletube,Multi-lateral real-time matrix,2017-01-03,24,392
24,Devpoint,Public-key 6th generation concept,2016-03-09,25,409
25,Quatz,Re-contextualized incremental superstructure,2015-04-17,26,426
26,Skyba,Multi-tiered executive process improvement,2016-10-30,27,443
27,Rooxo,Up-sized 4th generation methodology,2016-01-15,28,460
28,Feedmix,Total coherent throughput,2015-04-19,29,477
29,Oyonder,Future-proofed transitional adapter,2016-01-20,30,494
30,Realblab,Down-sized client-driven Graphic Interface,2015-06-05,31,511
31,Twimm,Vision-oriented human-resource help-desk,2017-08-09,32,528
32,InnoZ,Open-architected systematic capacity,2016-06-07,33,545
33,Quinu,Reactive 6th generation architecture,2016-04-10,34,562
34,Jabbertype,Object-based object-oriented challenge,2016-06-29,35,579
35,Midel,Cross-platform background contingency,2015-03-30,36,596
36,Buzzster,Profit-focused disintermediate definition,2015-07-19,37,613
37,Jamia,Secured logistical data-warehouse,2015-10-27,38,630
38,Trunyx,Public-key mobile approach,2015-12-29,39,647
39,Twitterworks,Cross-platform heuristic policy,2017-06-21,40,664
40,Gabtype,Reactive high-level capacity,2016-02-13,41,681
41,Youbridge,Managed encompassing utilisation,2016-07-26,42,698
42,Aimbu,Customer-focused actuating database,2015-03-29,43,715
43,Jetwire,Public-key high-level moratorium,2015-07-31,44,732
44,BlogXS,Face to face zero administration synergy,2016-02-15,45,749
45,Kamba,Upgradable static hub,2016-05-13,46,766
46,Realcube,Polarised cohesive ability,2016-10-20,47,783
47,Trupe,Multi-tiered coherent protocol,2016-11-02,48,800
48,Oyonder,Decentralized next generation pricing structure,2015-02-18,49,817
49,Bluezoom,Optional real-time Graphical User Interface,2016-08-07,50,834
50,Zoonder,Horizontal clear-thinking groupware,2016-02-09,51,851
51,Lazz,Synergized executive toolset,2016-05-31,52,868
52,Bluezoom,Multi-layered eco-centric hub,2015-01-06,53,885
53,Flipbug,Programmable well-modulated superstructure,2016-04-17,54,902
54,Dabjam,Innovative zero tolerance project,2017-03-15,55,919
55,Jaxnation,Cross-group human-resource application,2017-08-22,56,936
56,Eare,Networked 24/7 info-mediaries,2017-04-01,57,953
57,Kanoodle,Assimilated stable middleware,2015-09-27,58,970
58,Skinix,Open-source real-time architecture,2015-08-31,59,987
59,Kamba,Cloned multimedia circuit,2015-02-04,60,1004
60,Buzzshare,Cross-group zero tolerance adapter,2017-03-07,61,1021
61,Quire,Focused exuding Graphical User Interface,2015-04-26,62,1038
62,Dabshots,Phased clear-thinking structure,2015-06-16,63,1055
63,Quamba,Intuitive neutral software,2016-02-26,64,1072
64,Thoughtmix,Compatible 24/7 system engine,2016-02-13,65,1089
65,Voomm,Up-sized tertiary process improvement,2016-11-11,66,1106
66,Youbridge,Synergized tertiary throughput,2016-05-02,67,1123
67,Quamba,Upgradable reciprocal paradigm,2016-08-24,68,1140
68,Gabspot,Progressive eco-centric utilisation,2016-11-28,69,1157
69,Voonyx,Visionary leading edge frame,2015-03-05,70,1174
70,Zoomlounge,Profound systematic leverage,2017-01-24,71,1191
71,Vinder,Fully-configurable systematic task-force,2015-10-10,72,8
72,Camimbo,Ameliorated bi-directional service-desk,2017-01-30,73,25
73,Tagtune,Reduced executive protocol,2016-09-22,74,42
74,Quatz,Team-oriented optimal secured line,2015-07-22,75,59
75,Twitternation,Business-focused tertiary firmware,2015-07-20,76,76
76,Buzzshare,Distributed well-modulated encoding,2015-03-12,77,93
77,Fivechat,Intuitive asymmetric emulation,2016-03-22,78,110
78,Mydeo,Balanced user-facing task-force,2015-03-09,79,127
79,Ozu,Multi-tiered motivating array,2017-01-07,80,144
80,Skipfire,Up-sized maximized success,2016-03-25,81,161
81,Skiba,Cross-group interactive circuit,2015-08-31,82,178
82,Realcube,Balanced regional interface,2017-07-10,83,195
83,Topicshots,Realigned actuating concept,2016-10-08,84,212
84,Feedfire,Synergized grid-enabled artificial intelligence,2015-12-04,85,229
85,Roomm,Programmable needs-based algorithm,2016-05-30,86,246
86,Bubbletube,Cloned tangible challenge,2017-01-06,87,263
87,Skipstorm,Polarised content-based success,2015-06-11,88,280
88,Oba,Self-enabling client-driven forecast,2017-04-24,89,297
89,Bluejam,Open-architected homogeneous paradigm,2015-11-04,90,314
90,Vinte,Assimilated multimedia challenge,2017-05-21,91,331
91,Vipe,Robust explicit framework,2015-11-21,92,348
92,Dynava,Synergistic contextually-based access,2016-09-22,93,365
93,Linktype,Configurable motivating throughput,2016-04-14,94,382
94,Minyx,Right-sized zero tolerance orchestration,2017-08-08,95,399
95,Thoughtmix,Cross-platform client-driven protocol,2016-10-26,96,416
96,Quatz,Quality-focused zero defect analyzer,2015-03-03,97,433
97,Yacero,Sharable clear-thinking conglomeration,2017-05-26,98,450
98,Photobean,Upgradable analyzing application,2017-04-20,99,467
99,Dabfeed,Synchronised coherent task-force,2017-01-25,100,484
100,Gigabox,Function-based analyzing hub,2017-03-02,101,501
101,Feedmix,Diverse coherent ability,2015-03-02,102,518
102,Wordify,Cross-platform client-driven hierarchy,2017-08-10,103,535
103,Abatz,Function-based directional archive,2017-03-27,104,552
104,Devpulse,Multi-layered zero defect process improvement,2015-10-02,105,569
105,Flipbug,Automated executive utilisation,2015-04-18,106,586
106,Edgeify,Exclusive tangible moratorium,2016-12-02,107,603
107,Izio,Digitized responsive infrastructure,2015-02-24,108,620
108,Brightdog,Advanced asymmetric concept,2015-02-25,109,637
109,Devshare,Phased eco-centric circuit,2016-09-26,110,654
110,Riffpath,Focused empowering task-force,2017-08-29,111,671
111,Twiyo,Persevering actuating strategy,2016-08-18,112,688
112,Yacero,Proactive transitional artificial intelligence,2016-09-09,113,705
113,Plambee,Multi-channelled background Graphic Interface,2015-09-04,114,722
114,Centizu,Optimized logistical data-warehouse,2016-11-03,115,739
115,Wordtune,Optional demand-driven website,2016-10-26,116,756
116,Skiba,Total explicit Graphical User Interface,2016-08-14,117,773
117,Devpulse,Programmable real-time matrix,2017-06-19,118,790
118,Meevee,Re-contextualized mobile paradigm,2015-04-19,119,807
119,Flashdog,Polarised bi-directional service-desk,2015-10-07,120,824
120,Omba,Diverse background algorithm,2017-01-19,121,841
121,Wikivu,Reactive maximized info-mediaries,2017-07-27,122,858
122,Tagpad,De-engineered dynamic core,2016-07-21,123,875
123,Flashdog,Secured 24 hour array,2015-11-12,124,892
124,Brainbox,Customer-focused incremental encoding,2015-01-29,125,909
125,Kimia,Public-key uniform concept,2016-09-04,126,926
126,Avamba,Digitized intermediate capability,2017-03-08,127,943
127,Realblab,Progressive 4th generation projection,2015-05-25,128,960
128,Blogtags,Sharable non-volatile array,2016-12-03,129,977
129,Ailane,Robust background knowledge base,2017-04-23,130,994
130,Gabspot,Synergized object-oriented migration,2016-07-03,131,1011
131,Katz,Multi-lateral zero defect strategy,2016-02-22,132,1028
132,Blogpad,Realigned disintermediate productivity,2015-05-13,133,1045
133,Centidel,Fully-configurable user-facing hardware,2015-02-24,134,1062
134,Zoomzone,Multi-channelled stable capability,2016-02-06,135,1079
135,Youbridge,Phased empowering local area network,2016-05-30,136,1096
136,Snaptags,Team-oriented real-time intranet,2015-11-02,137,1113
137,Roomm,Programmable radical frame,2017-05-02,138,1130
138,Skynoodle,Triple-buffered bifurcated contingency,2016-12-18,139,1147
139,Livepath,Advanced transitional complexity,2017-07-10,140,1164
140,Bluezoom,Implemented systemic monitoring,2016-08-01,141,1181
141,Wikido,Customer-focused mobile neural-net,2015-09-23,142,1198
142,Blogtags,Reduced tertiary firmware,2015-07-28,143,15
143,Shufflebeat,Versatile methodical task-force,2016-11-07,144,32
144,Browsetype,Down-sized demand-driven firmware,2016-05-27,145,49
145,Yadel,Integrated composite core,2017-02-22,146,66
146,Kwilith,Self-enabling 24 hour time-frame,2017-08-28,147,83
147,Tazz,Focused logistical groupware,2015-02-20,148,100
148,Devify,Open-source exuding software,2016-11-16,149,117
149,Zoomcast,Focused system-worthy groupware,2015-06-20,150,134
150,Voonyx,Fundamental directional approach,2016-03-07,151,151
151,Tazzy,Digitized bifurcated open architecture,2017-07-13,152,168
152,Brainsphere,Balanced explicit budgetary management,2016-05-26,153,185
153,Voonder,Synergized client-driven moderator,2017-02-08,154,202
154,Zooveo,Digitized user-facing conglomeration,2015-04-04,155,219
155,Nlounge,Advanced user-facing synergy,2016-03-28,156,236
156,Livepath,Multi-channelled coherent middleware,2016-12-15,157,253
157,Agimba,Adaptive static collaboration,2015-10-31,158,270
158,Meevee,Versatile exuding throughput,2015-12-08,159,287
159,Jayo,Function-based bifurcated support,2016-05-09,160,304
160,Babbleblab,Vision-oriented didactic open architecture,2016-04-23,161,321
161,Kamba,Programmable cohesive Graphic Interface,2016-08-05,162,338
162,Ailane,Centralized multi-tasking hardware,2017-05-06,163,355
163,Oyoloo,Face to face zero defect implementation,2017-01-11,164,372
164,Ainyx,Fundamental zero tolerance hub,2015-05-20,165,389
165,Fiveclub,Persevering 24/7 Graphic Interface,2016-01-16,166,406
166,Wordify,Cloned scalable migration,2017-03-17,167,423
167,Dynava,Universal system-worthy concept,2017-07-28,168,440
168,Buzzdog,Monitored multimedia contingency,2017-04-05,169,457
169,Wikido,Optimized 4th generation circuit,2016-10-11,170,474
170,Jaxspan,Exclusive analyzing intranet,2017-01-25,171,491
171,Flipstorm,Innovative intermediate definition,2016-01-19,172,508
172,Livetube,Total analyzing analyzer,2015-01-18,173,525
173,Divanoodle,Secured attitude-oriented help-desk,2015-09-11,174,542
174,Voonder,Re-contextualized dynamic ability,2015-09-14,175,559
175,Eimbee,Adaptive 6th generation hub,2015-02-21,176,576
176,Thoughtbeat,Integrated clear-thinking productivity,2016-11-21,177,593
177,Livepath,Ergonomic 24/7 secured line,2017-03-22,178,610
178,Babbleopia,Grass-roots transitional definition,2016-05-23,179,627
179,Fivechat,Profound systemic concept,2017-04-10,180,644
180,Meedoo,Reverse-engineered didactic success,2017-03-24,181,661
181,Meemm,Optional eco-centric productivity,2015-09-24,182,678
182,Yadel,Grass-roots optimizing paradigm,2017-06-19,183,695
183,Photojam,Public-key user-facing time-frame,2017-02-23,184,712
184,Yambee,User-friendly zero administration open architecture,2017-02-19,185,729
185,Gigashots,Cloned demand-driven system engine,2015-05-18,186,746
186,Edgeblab,Self-enabling upward-trending neural-net,2015-06-18,187,763
187,Voonte,Intuitive exuding groupware,2016-04-09,188,780
188,Voonder,Multi-lateral foreground customer loyalty,2016-02-03,189,797
189,Jabbercube,Team-oriented composite attitude,2015-09-28,190,814
190,Gevee,Compatible 24 hour functionalities,2015-10-24,191,831
191,Vimbo,Re-engineered non-volatile Graphic Interface,2017-05-28,192,848
192,Flipbug,Balanced object-oriented benchmark,2015-02-23,193,865
193,Voonder,Multi-lateral modular throughput,2017-02-22,194,882
194,Linkbridge,Ameliorated 5th generation pricing structure,2015-12-02,195,899
195,Trilith,Expanded executive Graphic Interface,2017-03-08,196,916
196,Trudeo,Reduced composite paradigm,2017-08-08,197,933
197,Yadel,Extended well-modulated customer loyalty,2015-11-24,198,950
198,Youbridge,Managed foreground hub,2016-02-27,199,967
199,Kimia,Triple-buffered systemic attitude,2017-05-01,200,984
200,Mita,Ergonomic discrete approach,2017-01-28,201,1001
201,Topiczoom,Focused object-oriented flexibility,2015-02-26,202,1018
202,Shuffletag,Function-based systemic info-mediaries,2016-09-24,203,1035
203,Voonte,Progressive grid-enabled internet solution,2016-07-08,204,1052
204,Skinder,Balanced regional product,2015-04-04,205,1069
205,Teklist,Assimilated explicit ability,2016-12-10,206,1086
206,Podcat,Versatile optimizing access,2017-06-02,207,1103
207,Kare,Innovative explicit ability,2017-04-22,208,1120
208,Camido,Public-key 5th generation functionalities,2016-11-14,209,1137
209,Yotz,Focused national forecast,2016-04-03,210,1154
210,Talane,Right-sized static capacity,2017-04-03,211,1171
211,Gigashots,Team-oriented human-resource attitude,2015-12-02,212,1188
212,Edgeify,Sharable leading edge internet solution,2015-12-18,213,5
213,Gigazoom,Ergonomic responsive database,2015-11-15,214,22
214,Mynte,Focused mobile concept,2017-06-05,215,39
215,Jabbertype,Fundamental multi-state product,2015-04-05,216,56
216,Twitterworks,Intuitive next generation focus group,2015-02-12,217,73
217,Skipfire,Mandatory demand-driven emulation,2015-03-17,218,90
218,Yozio,Compatible executive ability,2015-04-18,219,107
219,Jazzy,Focused bi-directional secured line,2015-11-29,220,124
220,Meeveo,Optional tangible adapter,2016-02-25,221,141
221,Riffpath,Mandatory multimedia complexity,2015-08-09,222,158
222,Eire,Customer-focused asymmetric utilisation,2015-01-31,223,175
223,Skyble,Persistent zero administration collaboration,2016-01-10,224,192
224,Meedoo,Cloned transitional system engine,2015-09-11,225,209
225,LiveZ,Multi-tiered object-oriented info-mediaries,2015-01-20,226,226
226,Kare,Balanced attitude-oriented methodology,2017-07-25,227,243
227,Thoughtmix,Realigned fault-tolerant access,2016-07-01,228,260
228,Centidel,Self-enabling user-facing methodology,2017-03-09,229,277
229,Kwinu,Innovative needs-based emulation,2017-06-16,230,294
230,Riffpath,Extended tertiary policy,2015-09-29,231,311
231,Lazzy,Cross-group regional access,2016-02-20,232,328
232,Skipfire,Persevering content-based pricing structure,2016-12-17,233,345
233,Voonte,Inverse optimal hub,2015-08-05,234,362
234,Wordtune,Synergistic foreground policy,2015-08-26,235,379
235,Youfeed,Visionary optimizing hardware,2016-12-27,236,396
236,Linkbuzz,Realigned client-server leverage,2017-03-04,237,413
237,Gigaclub,Organized multi-state capacity,2015-04-03,238,430
238,Mynte,Persistent real-time array,2015-07-10,239,447
239,Rhybox,Function-based web-enabled moderator,2015-06-23,240,464
240,Gabspot,Centralized context-sensitive leverage,2017-02-02,241,481
241,Riffpedia,Cloned actuating application,2017-03-10,242,498
242,Einti,Right-sized clear-thinking website,2015-09-19,243,515
243,Browseblab,De-engineered responsive budgetary management,2015-04-15,244,532
244,Lazzy,Universal exuding product,2015-11-20,245,549
245,Centimia,Organized motivating neural-net,2017-08-04,246,566
246,Buzzdog,Realigned zero administration benchmark,2017-01-08,247,583
247,Vipe,Self-enabling high-level concept,2016-10-28,248,600
248,Yacero,Synchronised intangible monitoring,2015-12-16,249,617
249,Oba,Triple-buffered web-enabled encryption,2016-01-06,250,634
250,Twitterbridge,Implemented content-based access,2015-07-17,251,651
251,Quatz,Cross-platform value-added instruction set,2016-07-10,252,668
252,Photobug,Reactive zero tolerance strategy,2015-03-31,253,685
253,Kare,Compatible local methodology,2017-04-22,254,702
254,Aibox,Innovative system-worthy productivity,2016-12-21,255,719
255,Gigaclub,Virtual discrete moratorium,2017-04-29,256,736
256,Oodoo,Reduced bottom-line core,2017-05-26,257,753
257,Twiyo,Multi-tiered foreground moratorium,2017-07-25,258,770
258,Mybuzz,Object-based next generation open architecture,2017-07-27,259,787
259,Fivechat,Fundamental transitional leverage,2015-01-29,260,804
260,Brightdog,Inverse maximized frame,2017-08-08,261,821
261,Skimia,Automated incremental matrix,2017-08-05,262,838
262,Avaveo,Expanded 6th generation groupware,2015-11-25,263,855
263,Riffwire,Fundamental eco-centric productivity,2015-10-19,264,872
264,Voomm,Fully-configurable demand-driven array,2015-02-26,265,889
265,Jabbersphere,Secured homogeneous process improvement,2017-04-05,266,906
266,Eimbee,Reduced impactful budgetary management,2016-09-19,267,923
267,Voomm,Programmable empowering definition,2016-07-30,268,940
268,Viva,Front-line 24/7 encoding,2015-08-26,269,957
269,Tambee,Integrated context-sensitive analyzer,2015-03-23,270,974
270,Youbridge,Innovative web-enabled workforce,2015-03-04,271,991
271,Edgeblab,Cross-platform 24/7 matrices,2015-09-13,272,1008
272,Jaxworks,Adaptive coherent encoding,2015-11-07,273,1025
273,Lazzy,Programmable full-range monitoring,2017-01-04,274,1042
274,Jaxspan,User-centric scalable success,2017-07-06,275,1059
275,Avavee,Advanced foreground function,2015-05-12,276,1076
276,Midel,User-centric even-keeled paradigm,2017-06-14,277,1093
277,Midel,Distributed intangible function,2015-08-09,278,1110
278,Tagpad,Persistent didactic secured line,2016-10-24,279,1127
279,Zooxo,Focused impactful migration,2016-12-04,280,1144
280,Talane,Distributed clear-thinking hierarchy,2015-10-08,281,1161
281,Oyoloo,Sharable homogeneous customer loyalty,2015-05-01,282,1178
282,Yodoo,Cloned demand-driven model,2015-08-24,283,1195
283,Jayo,Visionary encompassing task-force,2017-05-26,284,12
284,Kazu,Focused systematic analyzer,2016-11-03,285,29
285,Meejo,Enterprise-wide context-sensitive groupware,2016-06-06,286,46
286,Tagfeed,Integrated leading edge conglomeration,2015-01-12,287,63
287,Thoughtbridge,Reverse-engineered clear-thinking encoding,2016-10-13,288,80
288,Skinder,Streamlined content-based orchestration,2016-12-15,289,97
289,Jaxbean,Business-focused full-range approach,2016-07-31,290,114
290,Jayo,Extended mobile instruction set,2015-08-06,291,131
291,Twinte,Reverse-engineered heuristic service-desk,2016-07-21,292,148
292,Jaxnation,Phased transitional website,2015-12-24,293,165
293,Thoughtblab,Total content-based policy,2015-12-19,294,182
294,Eare,Exclusive fresh-thinking system engine,2017-07-19,295,199
295,Myworks,Digitized explicit website,2016-02-18,296,216
296,Thoughtworks,Diverse user-facing task-force,2016-08-27,297,233
297,Dynazzy,Monitored directional task-force,2016-12-12,298,250
298,Ooba,Digitized bottom-line Graphical User Interface,2015-04-17,299,267
299,Realfire,Stand-alone bandwidth-monitored process improvement,2016-02-25,300,284
300,Abata,Total multi-tasking product,2015-03-05,301,301
301,Kaymbo,Synergistic directional application,2015-07-13,302,318
302,Twitterlist,Down-sized dynamic intranet,2015-08-10,303,335
303,Riffpath,User-centric well-modulated workforce,2016-03-02,304,352
304,Lazz,Face to face intermediate synergy,2015-05-24,305,369
305,DabZ,Re-contextualized real-time customer loyalty,2015-02-10,306,386
306,Twimbo,Reactive explicit synergy,2015-11-21,307,403
307,Voolia,Enterprise-wide systematic neural-net,2015-05-06,308,420
308,Pixoboo,Reactive actuating data-warehouse,2015-06-29,309,437
309,Centizu,Compatible system-worthy archive,2016-01-20,310,454
310,Fatz,Team-oriented bandwidth-monitored customer loyalty,2016-09-29,311,471
311,Kanoodle,Multi-layered 5th generation database,2017-01-22,312,488
312,Skyvu,Enterprise-wide local conglomeration,2017-01-06,313,505
313,Photofeed,Front-line logistical support,2015-01-10,314,522
314,Abatz,Open-source 3rd generation alliance,2017-05-14,315,539
315,Oyoyo,Customer-focused needs-based hierarchy,2017-06-17,316,556
316,Roodel,Compatible bi-directional archive,2016-08-11,317,573
317,Jabbercube,Decentralized client-driven methodology,2016-11-10,318,590
318,Yozio,De-engineered intangible contingency,2016-07-20,319,607
319,Skimia,Optional needs-based service-desk,2017-05-15,320,624
320,Tagcat,Multi-lateral human-resource structure,2017-07-29,321,641
321,Livetube,Virtual explicit methodology,2016-01-07,322,658
322,Realmix,Seamless holistic projection,2016-02-17,323,675
323,Kayveo,De-engineered interactive hierarchy,2015-12-04,324,692
324,Shuffledrive,Advanced client-driven capacity,2016-01-24,325,709
325,Voonder,Versatile maximized matrix,2017-02-22,326,726
326,Divape,Implemented contextually-based hardware,2016-12-01,327,743
327,Oyoloo,Managed motivating support,2015-05-04,328,760
328,Tagcat,User-centric motivating time-frame,2016-03-17,329,777
329,Jabberbean,Networked neutral standardization,2015-01-24,330,794
330,Chatterbridge,Inverse logistical methodology,2017-04-05,331,811
331,LiveZ,Profit-focused executive hub,2016-09-07,332,828
332,Topicstorm,Seamless object-oriented algorithm,2015-08-11,333,845
333,Thoughtbeat,Automated attitude-oriented Graphical User Interface,2016-01-07,334,862
334,Eimbee,Front-line upward-trending projection,2015-05-08,335,879
335,Innotype,Balanced didactic protocol,2016-06-10,336,896
336,Yodoo,Managed uniform pricing structure,2016-09-10,337,913
337,Skipfire,Optional discrete circuit,2017-01-29,338,930
338,Tagpad,Distributed homogeneous groupware,2017-02-22,339,947
339,Quatz,Synergistic high-level access,2017-02-03,340,964
340,Realmix,Multi-channelled demand-driven challenge,2017-06-16,341,981
341,Tagfeed,Mandatory disintermediate function,2015-08-28,342,998
342,Jabbertype,Diverse incremental knowledge base,2015-09-19,343,1015
343,Shuffledrive,Function-based composite complexity,2016-02-02,344,1032
344,Dynabox,Mandatory didactic artificial intelligence,2016-11-05,345,1049
345,Divavu,Business-focused empowering concept,2016-12-22,346,1066
346,Gabtype,Networked reciprocal info-mediaries,2017-03-08,347,1083
347,Aibox,Streamlined secondary toolset,2017-02-26,348,1100
348,Wikizz,Synergized neutral migration,2016-08-04,349,1117
349,Roodel,Horizontal value-added adapter,2017-08-20,350,1134
350,Riffpath,Pre-emptive high-level leverage,2015-06-06,351,1151
351,Kwinu,Compatible 4th generation analyzer,2015-07-15,352,1168
352,Realcube,User-centric clear-thinking portal,2016-01-06,353,1185
353,Agimba,Multi-tiered secondary project,2015-02-27,354,2
354,Feedfire,Centralized reciprocal Graphical User Interface,2016-12-26,355,19
355,Skimia,Re-engineered zero administration emulation,2015-01-25,356,36
356,Topicware,Centralized regional firmware,2016-06-21,357,53
357,Lazz,Distributed analyzing Graphical User Interface,2015-11-18,358,70
358,Meembee,Managed interactive benchmark,2016-08-14,359,87
359,Dabshots,Monitored 3rd generation archive,2017-01-25,360,104
360,Dynabox,User-centric actuating system engine,2017-03-04,361,121
361,Brightbean,Grass-roots demand-driven flexibility,2015-03-08,362,138
362,Fliptune,Open-architected stable complexity,2016-09-05,363,155
363,Skajo,Profound optimizing definition,2017-05-30,364,172
364,Buzzster,Ergonomic eco-centric workforce,2015-01-07,365,189
365,Ainyx,Digitized responsive synergy,2016-06-11,366,206
366,Mynte,Cloned zero tolerance knowledge base,2015-06-25,367,223
367,Twitterlist,Innovative high-level policy,2016-10-14,368,240
368,Muxo,Visionary tangible focus group,2015-09-02,369,257
369,Leenti,Right-sized scalable data-warehouse,2016-02-24,370,274
370,Trudeo,Enterprise-wide transitional success,2016-01-02,371,291
371,Ainyx,Cross-platform contextually-based ability,2015-05-28,372,308
372,Riffwire,Team-oriented systemic support,2016-02-07,373,325
373,Rhyzio,Function-based tertiary adapter,2017-08-02,374,342
374,Skiba,Persevering radical initiative,2017-07-03,375,359
375,Blogtags,Configurable contextually-based knowledge base,2015-02-17,376,376
376,Photolist,Persistent client-driven infrastructure,2016-07-28,377,393
377,Cogilith,Quality-focused radical emulation,2016-06-07,378,410
378,Dazzlesphere,User-friendly regional task-force,2015-10-17,379,427
379,Aivee,Secured asynchronous hardware,2017-01-28,380,444
380,Blogpad,Programmable disintermediate emulation,2015-08-30,381,461
381,Dabfeed,Re-contextualized actuating flexibility,2017-03-23,382,478
382,Skiba,Virtual transitional migration,2016-03-04,383,495
383,Jetwire,Implemented 24 hour database,2016-02-28,384,512
384,Yadel,Ergonomic upward-trending matrices,2015-11-22,385,529
385,Centimia,Profit-focused interactive standardization,2017-03-18,386,546
386,Kanoodle,Organized interactive initiative,2015-09-02,387,563
387,Skinder,Open-architected incremental toolset,2016-06-27,388,580
388,Feedbug,Grass-roots object-oriented support,2015-02-06,389,597
389,Twinder,Persevering object-oriented info-mediaries,2017-08-19,390,614
390,Tagopia,Function-based neutral local area network,2015-02-28,391,631
391,Quinu,Robust explicit protocol,2017-05-02,392,648
392,Rhyloo,Customizable bottom-line standardization,2015-11-27,393,665
393,Kwideo,Switchable content-based throughput,2016-08-22,394,682
394,Mycat,Implemented modular intranet,2015-03-23,395,699
395,Twinte,Front-line background emulation,2016-06-19,396,716
396,Youopia,Ergonomic motivating policy,2016-07-23,397,733
397,Flashdog,Fundamental local time-frame,2015-05-07,398,750
398,Trudeo,Enhanced fault-tolerant adapter,2015-10-20,399,767
399,Skiptube,Secured bifurcated model,2016-12-06,400,784
400,Midel,Advanced asynchronous instruction set,2017-08-21,401,801
401,Chatterbridge,Multi-tiered logistical application,2015-11-20,402,818
402,Wikivu,Customizable stable pricing structure,2017-08-16,403,835
403,Eabox,Mandatory upward-trending challenge,2016-08-04,404,852
404,Zoomzone,Customer-focused encompassing emulation,2016-12-06,405,869
405,Jabbercube,Multi-tiered cohesive hub,2015-11-08,406,886
406,Yotz,Ameliorated 24/7 forecast,2016-09-05,407,903
407,Topicshots,User-centric demand-driven algorithm,2015-06-20,408,920
408,Mydeo,Open-architected interactive capacity,2015-11-28,409,937
409,Avamm,Self-enabling leading edge Graphical User Interface,2015-11-21,410,954
410,Kazu,Pre-emptive hybrid product,2017-03-23,411,971
411,Fiveclub,Synchronised client-server initiative,2016-06-06,412,988
412,Nlounge,Innovative discrete process improvement,2015-10-04,413,1005
413,Eimbee,Synergistic 6th generation matrix,2017-08-02,414,1022
414,Skyndu,Object-based bandwidth-monitored capability,2015-01-14,415,1039
415,Linktype,Team-oriented real-time analyzer,2016-02-29,416,1056
416,Twitterworks,Business-focused secondary application,2016-07-18,417,1073
417,Yombu,Switchable non-volatile orchestration,2015-09-18,418,1090
418,Feedmix,Synergized 3rd generation success,2016-04-04,419,1107
419,Edgeblab,Automated analyzing process improvement,2015-11-11,420,1124
420,Tazz,Open-source non-volatile encoding,2015-12-24,421,1141
421,Gigaclub,Future-proofed dynamic core,2016-04-09,422,1158
422,Midel,Extended value-added moderator,2017-01-21,423,1175
423,Voomm,Profit-focused fresh-thinking pricing structure,2015-03-11,424,1192
424,Demimbu,Enterprise-wide impactful paradigm,2015-08-16,425,9
425,Nlounge,Object-based discrete secured line,2016-10-28,426,26
426,Thoughtbridge,Distributed reciprocal alliance,2017-03-14,427,43
427,Minyx,Quality-focused motivating Graphic Interface,2015-11-12,428,60
428,Flashdog,Sharable executive algorithm,2016-01-12,429,77
429,Innojam,Vision-oriented bandwidth-monitored frame,2016-02-27,430,94
430,Feedmix,Advanced leading edge standardization,2015-01-26,431,111
431,Ailane,Fundamental incremental matrices,2015-10-10,432,128
432,Brainlounge,Adaptive encompassing knowledge base,2015-05-27,433,145
433,Zoomzone,Multi-lateral fault-tolerant website,2016-05-28,434,162
434,Fanoodle,Expanded analyzing local area network,2016-10-24,435,179
435,Livefish,Expanded heuristic internet solution,2016-10-22,436,196
436,Skimia,Operative bandwidth-monitored migration,2017-08-16,437,213
437,Divavu,Up-sized executive installation,2016-01-26,438,230
438,Eazzy,Open-architected foreground complexity,2015-12-03,439,247
439,Blogpad,Visionary tertiary superstructure,2016-12-15,440,264
440,Einti,Grass-roots web-enabled initiative,2015-07-22,441,281
441,Voomm,Progressive intermediate budgetary management,2017-08-10,442,298
442,Zoombox,Upgradable content-based forecast,2017-01-18,443,315
443,Meetz,Adaptive interactive time-frame,2015-02-27,444,332
444,Zoomdog,Grass-roots asymmetric groupware,2015-09-12,445,349
445,Meemm,Optimized attitude-oriented access,2015-01-06,446,366
446,Minyx,Object-based responsive knowledge user,2015-02-09,447,383
447,Kanoodle,Versatile mobile policy,2016-03-01,448,400
448,Jabbersphere,Profit-focused 5th generation frame,2016-07-29,449,417
449,Thoughtstorm,Compatible discrete archive,2017-03-08,450,434
450,Youtags,Monitored zero tolerance internet solution,2015-02-11,451,451
451,Browsedrive,Fully-configurable even-keeled Graphical User Interface,2015-07-12,452,468
452,Topdrive,Quality-focused systemic adapter,2016-09-20,453,485
453,Skyvu,Synergistic client-server artificial intelligence,2017-01-10,454,502
454,Yodoo,Sharable empowering approach,2015-05-11,455,519
455,Kayveo,Front-line logistical orchestration,2017-04-21,456,536
456,Zoomcast,Face to face solution-oriented ability,2017-07-07,457,553
457,Voolia,Intuitive heuristic installation,2016-09-09,458,570
458,Jetwire,Team-oriented fault-tolerant neural-net,2017-05-09,459,587
459,Skipfire,User-centric empowering neural-net,2017-02-19,460,604
460,Kaymbo,Public-key full-range productivity,2017-05-10,461,621
461,Mita,Ameliorated bi-directional encryption,2017-02-10,462,638
462,Wikibox,Configurable tangible encoding,2015-06-12,463,655
463,Aibox,Re-engineered responsive local area network,2016-12-12,464,672
464,Chatterpoint,Fully-configurable full-range core,2015-01-06,465,689
465,Zoomdog,Team-oriented logistical benchmark,2015-09-08,466,706
466,Jaxnation,Distributed dynamic superstructure,2016-11-26,467,723
467,Dynava,Centralized content-based utilisation,2016-12-29,468,740
468,Blogtag,Fundamental even-keeled process improvement,2015-11-26,469,757
469,Kazio,Function-based empowering service-desk,2017-05-24,470,774
470,Photofeed,Implemented impactful implementation,2015-11-03,471,791
471,Topiclounge,Down-sized encompassing utilisation,2015-02-16,472,808
472,Voolia,Future-proofed well-modulated analyzer,2015-07-24,473,825
473,Avavee,Assimilated client-server data-warehouse,2017-03-03,474,842
474,Feedspan,Progressive regional neural-net,2015-06-22,475,859
475,Thoughtstorm,Persistent multimedia installation,2016-10-28,476,876
476,Rhybox,Function-based coherent system engine,2015-02-23,477,893
477,Oyope,Reverse-engineered reciprocal local area network,2017-03-13,478,910
478,Katz,Distributed zero defect productivity,2017-04-11,479,927
479,Tagfeed,Upgradable modular focus group,2017-01-31,480,944
480,Rhyloo,Down-sized neutral model,2015-10-19,481,961
481,Jayo,Function-based dynamic projection,2015-06-19,482,978
482,Babbleopia,Proactive directional focus group,2015-11-15,483,995
483,Edgeify,Future-proofed dedicated challenge,2015-01-27,484,1012
484,Ozu,Advanced 4th generation hardware,2016-06-28,485,1029
485,Wordtune,Cross-group directional artificial intelligence,2017-03-08,486,1046
486,Ntag,Team-oriented user-facing challenge,2016-01-14,487,1063
487,Thoughtstorm,Mandatory bandwidth-monitored paradigm,2015-06-02,488,1080
488,Oozz,Phased interactive frame,2017-08-15,489,1097
489,Zoomdog,Enhanced methodical architecture,2016-01-19,490,1114
490,Abatz,De-engineered exuding throughput,2016-09-02,491,1131
491,Eire,Devolved tertiary secured line,2015-05-17,492,1148
492,Reallinks,Focused radical complexity,2016-08-04,493,1165
493,Roombo,Realigned bandwidth-monitored migration,2015-11-09,494,1182
494,Gevee,Vision-oriented demand-driven initiative,2016-10-04,495,1199
495,Wordify,Optional actuating help-desk,2015-06-12,496,16
496,Centimia,Organized value-added hierarchy,2016-11-30,497,33
497,Wordware,Decentralized dedicated neural-net,2016-02-18,498,50
498,Buzzshare,Automated composite hierarchy,2016-10-30,499,67
499,Blognation,Proactive radical collaboration,2015-03-12,500,84
500,Avavee,Synergized intangible focus group,2016-04-14,1,101
501,Jaxworks,Programmable systematic utilisation,2016-05-04,2,118
502,Meejo,Automated heuristic initiative,2015-03-14,3,135
503,Voomm,Sharable incremental approach,2015-12-14,4,152
504,Skiba,Visionary logistical extranet,2016-09-26,5,169
505,Zazio,Configurable 3rd generation paradigm,2016-12-25,6,186
506,Chatterbridge,Team-oriented 24/7 interface,2017-03-17,7,203
507,Shufflebeat,Realigned holistic support,2016-12-23,8,220
508,Twiyo,Polarised cohesive middleware,2015-03-07,9,237
509,Edgewire,Decentralized even-keeled framework,2015-03-16,10,254
510,Katz,Assimilated 24/7 software,2017-02-11,11,271
511,Mymm,Extended explicit project,2015-06-01,12,288
512,Feedfire,Expanded clear-thinking moderator,2016-04-15,13,305
513,Yambee,Ameliorated exuding circuit,2016-04-03,14,322
514,Jayo,Enhanced didactic adapter,2017-03-05,15,339
515,Quimba,Versatile full-range application,2017-08-08,16,356
516,Zoozzy,Right-sized local instruction set,2016-04-03,17,373
517,Divanoodle,Diverse 24/7 knowledge base,2015-10-15,18,390
518,Jabberbean,Phased exuding secured line,2016-06-17,19,407
519,Feedspan,Enterprise-wide executive orchestration,2015-04-26,20,424
520,Centizu,Front-line eco-centric installation,2017-05-13,21,441
521,Oyoba,Stand-alone system-worthy neural-net,2016-03-23,22,458
522,Abata,Team-oriented user-facing alliance,2015-08-27,23,475
523,Aivee,Decentralized demand-driven moderator,2017-06-05,24,492
524,Buzzshare,Re-engineered context-sensitive product,2015-02-12,25,509
525,Twimbo,Automated contextually-based leverage,2016-02-08,26,526
526,Linktype,Open-source multimedia product,2015-05-10,27,543
527,Viva,Profit-focused neutral interface,2016-04-06,28,560
528,Fivechat,Cloned next generation capacity,2017-01-21,29,577
529,Jabbersphere,Horizontal global workforce,2015-05-23,30,594
530,Pixonyx,Customizable hybrid structure,2017-04-26,31,611
531,Jabbercube,Reduced didactic open system,2015-11-14,32,628
532,Photofeed,Multi-layered human-resource groupware,2015-02-22,33,645
533,Dynazzy,Cross-group attitude-oriented neural-net,2016-08-01,34,662
534,Meembee,De-engineered mission-critical policy,2016-07-11,35,679
535,Fivebridge,Team-oriented explicit support,2015-06-19,36,696
536,Bubblebox,Distributed object-oriented secured line,2015-09-11,37,713
537,Vipe,Universal composite strategy,2017-08-22,38,730
538,Jabbercube,Versatile zero tolerance workforce,2016-11-24,39,747
539,Wordify,Synchronised regional Graphic Interface,2015-07-26,40,764
540,Dabshots,Enhanced attitude-oriented local area network,2015-05-31,41,781
541,Avaveo,Reduced dedicated neural-net,2017-03-01,42,798
542,Quaxo,Balanced client-server success,2015-04-27,43,815
543,Tambee,Phased neutral data-warehouse,2016-12-16,44,832
544,Edgetag,Reduced exuding complexity,2017-08-15,45,849
545,Jayo,Mandatory secondary monitoring,2016-08-15,46,866
546,Realcube,Persevering methodical throughput,2016-01-07,47,883
547,Zoomzone,Cloned client-server matrix,2015-02-20,48,900
548,Dynazzy,Intuitive upward-trending hardware,2016-06-19,49,917
549,Tavu,Centralized multi-tasking pricing structure,2015-11-10,50,934
550,LiveZ,Total explicit parallelism,2015-12-08,51,951
551,Lajo,Pre-emptive multi-tasking extranet,2016-07-02,52,968
552,Minyx,Multi-layered eco-centric projection,2017-06-12,53,985
553,Voonix,Diverse tangible website,2016-08-08,54,1002
554,Zoonder,Customer-focused bandwidth-monitored interface,2016-07-30,55,1019
555,Fivespan,Persevering incremental core,2016-06-27,56,1036
556,Mymm,Re-contextualized fault-tolerant product,2015-06-20,57,1053
557,Eare,Public-key 5th generation local area network,2016-08-21,58,1070
558,Oyope,Function-based intermediate budgetary management,2015-05-25,59,1087
559,Devpulse,Front-line mission-critical frame,2015-11-20,60,1104
560,Gigashots,Inverse client-driven pricing structure,2015-09-29,61,1121
561,Twitterworks,Optimized reciprocal support,2016-11-28,62,1138
562,Dabjam,Fully-configurable even-keeled hierarchy,2016-08-26,63,1155
563,Linktype,Future-proofed zero administration process improvement,2016-02-11,64,1172
564,Zoovu,Organized scalable conglomeration,2017-05-28,65,1189
565,Cogibox,Fundamental asynchronous internet solution,2015-08-14,66,6
566,Geba,Up-sized context-sensitive initiative,2017-04-13,67,23
567,Oloo,Universal mobile benchmark,2016-04-10,68,40
568,Katz,Organized radical attitude,2016-04-03,69,57
569,Browsebug,Focused national utilisation,2017-04-22,70,74
570,Podcat,Intuitive methodical instruction set,2015-01-06,71,91
571,Zoombox,Right-sized asymmetric adapter,2016-08-13,72,108
572,Tavu,Compatible coherent Graphical User Interface,2016-04-14,73,125
573,Bluezoom,Synergized scalable infrastructure,2015-07-08,74,142
574,Voonyx,Multi-tiered user-facing challenge,2015-09-04,75,159
575,Zoomcast,Stand-alone global Graphical User Interface,2015-06-29,76,176
576,Roombo,Progressive methodical customer loyalty,2016-07-04,77,193
577,Youbridge,User-friendly stable application,2015-10-10,78,210
578,Brainlounge,Horizontal value-added info-mediaries,2015-09-12,79,227
579,Skivee,Profit-focused optimal info-mediaries,2017-05-01,80,244
580,Linklinks,Visionary reciprocal projection,2016-12-25,81,261
581,Centidel,Versatile regional software,2016-02-26,82,278
582,Youspan,Streamlined fresh-thinking database,2016-08-13,83,295
583,Meeveo,Managed optimal task-force,2015-06-29,84,312
584,Dabfeed,Reduced motivating process improvement,2016-11-14,85,329
585,Thoughtsphere,Open-source demand-driven moratorium,2016-01-22,86,346
586,Nlounge,Enhanced actuating application,2017-03-07,87,363
587,Zava,Future-proofed interactive project,2015-04-07,88,380
588,Jabberstorm,Intuitive contextually-based instruction set,2016-10-03,89,397
589,Dazzlesphere,Vision-oriented contextually-based access,2015-12-31,90,414
590,Pixope,Upgradable mobile Graphical User Interface,2016-08-15,91,431
591,Brainbox,Face to face disintermediate firmware,2016-05-09,92,448
592,Edgeclub,Vision-oriented contextually-based benchmark,2017-05-28,93,465
593,Eabox,Advanced even-keeled neural-net,2017-04-17,94,482
594,Twitterbridge,Operative contextually-based hub,2015-11-22,95,499
595,Wordpedia,Sharable foreground monitoring,2016-08-11,96,516
596,Realfire,Seamless coherent array,2015-02-12,97,533
597,Meemm,Assimilated systemic groupware,2016-02-05,98,550
598,Linklinks,Profound demand-driven leverage,2015-09-04,99,567
599,Divanoodle,Innovative exuding secured line,2015-03-07,100,584
600,Voolith,Optimized even-keeled matrices,2015-10-19,101,601
601,Ozu,Pre-emptive system-worthy emulation,2017-01-11,102,618
602,Zoombox,Quality-focused optimizing neural-net,2017-07-15,103,635
603,Plambee,Reduced 6th generation customer loyalty,2016-10-27,104,652
604,Twitterbeat,Self-enabling 5th generation concept,2015-02-05,105,669
605,Fivebridge,Grass-roots optimal collaboration,2015-08-20,106,686
606,Kimia,Cross-group asymmetric migration,2015-09-02,107,703
607,Rooxo,Cross-group fresh-thinking throughput,2015-01-21,108,720
608,Mudo,Horizontal client-driven frame,2017-04-04,109,737
609,Topicblab,Distributed fault-tolerant initiative,2016-03-11,110,754
610,Babblestorm,Profound analyzing throughput,2016-08-24,111,771
611,Skiptube,Exclusive next generation forecast,2016-06-20,112,788
612,Babbleset,Vision-oriented full-range collaboration,2016-03-01,113,805
613,Jaxworks,Innovative web-enabled portal,2016-04-07,114,822
614,Browsecat,Universal secondary application,2016-01-10,115,839
615,Divavu,Synergized eco-centric policy,2016-12-16,116,856
616,JumpXS,Integrated stable application,2015-11-25,117,873
617,Flashpoint,Customer-focused object-oriented complexity,2015-07-04,118,890
618,Zazio,Distributed human-resource paradigm,2015-10-14,119,907
619,Topdrive,Profound exuding moratorium,2017-08-13,120,924
620,Skyvu,Ergonomic hybrid architecture,2015-11-12,121,941
621,Edgepulse,Enterprise-wide neutral pricing structure,2016-09-01,122,958
622,Wordpedia,Ameliorated 3rd generation service-desk,2016-10-09,123,975
623,Realmix,Reverse-engineered non-volatile emulation,2015-01-26,124,992
624,Quamba,Seamless zero administration migration,2016-06-06,125,1009
625,Oyoba,Devolved background system engine,2015-09-09,126,1026
626,Youfeed,Proactive web-enabled monitoring,2015-06-18,127,1043
627,Dabshots,Up-sized optimal migration,2015-03-05,128,1060
628,Flipbug,Re-engineered bifurcated moratorium,2017-08-22,129,1077
629,Zoomdog,Stand-alone encompassing challenge,2016-09-02,130,1094
630,Edgetag,Right-sized disintermediate matrices,2017-04-22,131,1111
631,Ainyx,Up-sized intermediate Graphical User Interface,2015-02-26,132,1128
632,Meetz,Universal national toolset,2015-11-07,133,1145
633,Digitube,Phased multi-state throughput,2015-10-21,134,1162
634,Gabcube,Polarised exuding intranet,2017-04-19,135,1179
635,Yotz,Front-line static frame,2016-07-23,136,1196
636,Wordware,Optimized didactic capability,2016-01-31,137,13
637,Trudoo,Public-key 6th generation neural-net,2016-06-22,138,30
638,Meedoo,Front-line client-server hierarchy,2015-03-18,139,47
639,Realcube,Enterprise-wide reciprocal methodology,2016-06-13,140,64
640,Eadel,Switchable 3rd generation secured line,2017-08-08,141,81
641,Mynte,Reverse-engineered tangible projection,2016-04-17,142,98
642,Bluezoom,Mandatory leading edge solution,2016-05-16,143,115
643,Voonder,Exclusive zero tolerance architecture,2015-02-12,144,132
644,Kimia,Configurable eco-centric local area network,2017-04-05,145,149
645,Voomm,Synergized next generation help-desk,2017-03-31,146,166
646,Thoughtworks,Cloned regional access,2017-02-23,147,183
647,Flipstorm,Adaptive multi-tasking framework,2015-01-18,148,200
648,Dynazzy,Front-line neutral projection,2017-08-26,149,217
649,Devcast,Operative content-based definition,2017-01-29,150,234
650,Zoonder,Streamlined web-enabled definition,2015-02-17,151,251
651,Skyble,Synchronised fault-tolerant matrix,2017-05-05,152,268
652,Viva,Assimilated transitional monitoring,2016-12-05,153,285
653,Camimbo,Managed 4th generation contingency,2015-02-22,154,302
654,Oyonder,Operative disintermediate definition,2016-03-13,155,319
655,Midel,Stand-alone zero administration customer loyalty,2015-02-15,156,336
656,Trilia,Optimized web-enabled success,2017-08-04,157,353
657,Devify,Devolved intangible open architecture,2015-04-02,158,370
658,Zoonder,Triple-buffered 5th generation intranet,2015-06-28,159,387
659,Twimm,Business-focused bifurcated success,2016-12-29,160,404
660,Mita,Balanced hybrid website,2017-03-30,161,421
661,Voomm,Digitized high-level installation,2015-01-18,162,438
662,Feedmix,Ameliorated radical secured line,2015-10-20,163,455
663,Devbug,Seamless 24/7 alliance,2016-05-31,164,472
664,Photofeed,Centralized dedicated hierarchy,2016-10-05,165,489
665,Fanoodle,Open-source even-keeled pricing structure,2015-09-23,166,506
666,Yata,Focused content-based task-force,2017-01-24,167,523
667,Meevee,Ameliorated intangible middleware,2016-10-25,168,540
668,Buzzster,Configurable asynchronous methodology,2016-03-07,169,557
669,Geba,Balanced radical archive,2017-06-04,170,574
670,Gabcube,Self-enabling dedicated portal,2016-05-06,171,591
671,Oyondu,Versatile bi-directional policy,2015-09-26,172,608
672,Bubblemix,Balanced context-sensitive database,2015-09-10,173,625
673,Mybuzz,Cross-platform content-based approach,2015-11-14,174,642
674,Digitube,User-centric mobile archive,2016-08-06,175,659
675,Voonder,Advanced impactful database,2015-02-07,176,676
676,Npath,Configurable zero defect flexibility,2015-07-18,177,693
677,Tagpad,Triple-buffered well-modulated policy,2016-12-20,178,710
678,Plambee,Mandatory 6th generation hierarchy,2015-11-30,179,727
679,Aimbu,Extended holistic strategy,2017-04-10,180,744
680,Abatz,Polarised grid-enabled toolset,2015-05-21,181,761
681,Tazz,Programmable 24 hour capacity,2017-05-31,182,778
682,Gigazoom,Programmable grid-enabled synergy,2015-09-14,183,795
683,Brightdog,Operative content-based concept,2017-02-10,184,812
684,InnoZ,Function-based system-worthy migration,2016-02-11,185,829
685,Brainsphere,Right-sized zero tolerance internet solution,2015-03-21,186,846
686,Centizu,Universal object-oriented projection,2015-06-25,187,863
687,Rhyloo,Enterprise-wide composite productivity,2016-04-15,188,880
688,Centidel,Multi-tiered national standardization,2016-09-25,189,897
689,Jetwire,User-centric client-driven portal,2015-01-26,190,914
690,Jaxspan,Managed context-sensitive Graphical User Interface,2015-10-16,191,931
691,Skalith,Visionary 3rd generation secured line,2016-12-31,192,948
692,Jaxspan,De-engineered empowering protocol,2016-11-16,193,965
693,Dabvine,Fundamental web-enabled system engine,2015-07-19,194,982
694,Feedbug,Profound well-modulated help-desk,2017-04-14,195,999
695,Eabox,Customer-focused needs-based time-frame,2015-06-03,196,1016
696,Jabberbean,Digitized mission-critical capability,2015-05-02,197,1033
697,Oyonder,Fully-configurable maximized moderator,2017-02-02,198,1050
698,Ailane,Phased real-time moderator,2015-02-25,199,1067
699,Ooba,Organic neutral contingency,2015-11-01,200,1084
700,Blogtags,Optimized empowering benchmark,2015-05-28,201,1101
701,Yakitri,Public-key didactic groupware,2015-12-21,202,1118
702,Shufflebeat,Quality-focused scalable attitude,2016-07-06,203,1135
703,Skynoodle,Focused fresh-thinking local area network,2017-05-25,204,1152
704,Centimia,Triple-buffered bandwidth-monitored archive,2017-01-28,205,1169
705,Twitterbridge,Stand-alone human-resource protocol,2017-07-08,206,1186
706,Ailane,Progressive non-volatile firmware,2016-07-13,207,3
707,Tambee,Phased needs-based installation,2015-08-15,208,20
708,Jaxbean,Sharable secondary installation,2017-04-05,209,37
709,Thoughtsphere,Public-key zero administration service-desk,2015-07-02,210,54
710,Kazio,Optional exuding task-force,2015-10-05,211,71
711,Twitternation,Ergonomic fresh-thinking orchestration,2015-07-26,212,88
712,Skipstorm,Fundamental national collaboration,2015-11-06,213,105
713,Wikizz,User-centric full-range open architecture,2015-01-06,214,122
714,Zoozzy,Triple-buffered global implementation,2017-05-08,215,139
715,Tagopia,User-friendly uniform projection,2015-12-16,216,156
716,Divanoodle,Self-enabling logistical intranet,2016-03-07,217,173
717,Zoomdog,Re-contextualized dedicated circuit,2016-10-18,218,190
718,Browsetype,Adaptive multi-tasking conglomeration,2016-04-01,219,207
719,Flashspan,Decentralized methodical policy,2015-02-28,220,224
720,Youbridge,Triple-buffered client-driven array,2016-04-20,221,241
721,Roodel,Business-focused motivating benchmark,2015-05-26,222,258
722,Jetwire,Ergonomic 24 hour moderator,2016-11-08,223,275
723,Viva,Future-proofed systemic complexity,2016-11-18,224,292
724,Feedfish,Centralized actuating algorithm,2016-03-09,225,309
725,Eazzy,Extended human-resource knowledge user,2016-11-29,226,326
726,Jetwire,Polarised cohesive Graphic Interface,2015-12-27,227,343
727,Yozio,Intuitive tangible pricing structure,2017-03-16,228,360
728,Livetube,Profound holistic neural-net,2017-07-25,229,377
729,Vipe,Switchable clear-thinking productivity,2015-04-26,230,394
730,Twimm,Organized asynchronous project,2016-06-08,231,411
731,Cogibox,Function-based executive artificial intelligence,2017-07-11,232,428
732,Pixonyx,Object-based foreground website,2016-02-07,233,445
733,Twinte,User-friendly multimedia hardware,2016-04-15,234,462
734,Gigazoom,Centralized modular info-mediaries,2015-08-06,235,479
735,Yodo,Phased mobile superstructure,2016-04-23,236,496
736,Wikibox,Right-sized bifurcated framework,2015-01-02,237,513
737,Camido,Open-architected 6th generation superstructure,2016-04-10,238,530
738,Jaxbean,Realigned neutral superstructure,2016-04-25,239,547
739,Skibox,Profit-focused upward-trending open architecture,2016-06-13,240,564
740,Skaboo,Universal coherent software,2016-01-09,241,581
741,Bluejam,Expanded motivating projection,2015-04-06,242,598
742,Eire,Ameliorated empowering conglomeration,2015-03-01,243,615
743,Meetz,Focused disintermediate complexity,2017-02-26,244,632
744,Realblab,Optional fault-tolerant productivity,2017-01-19,245,649
745,Vimbo,Innovative zero administration core,2016-03-15,246,666
746,Rhynyx,Innovative impactful toolset,2017-07-06,247,683
747,Ozu,Configurable bottom-line hub,2015-11-25,248,700
748,Skaboo,Organic real-time initiative,2016-12-10,249,717
749,Rooxo,Synergized maximized throughput,2016-05-19,250,734
750,Rhybox,Polarised maximized encryption,2015-01-02,251,751
751,Oba,Up-sized multimedia middleware,2015-07-15,252,768
752,Twitternation,Streamlined well-modulated encryption,2015-03-16,253,785
753,Tagopia,Phased scalable methodology,2016-09-14,254,802
754,Fivespan,Organic clear-thinking collaboration,2016-09-15,255,819
755,Gabspot,Inverse motivating artificial intelligence,2016-09-18,256,836
756,Quaxo,Fundamental 24 hour knowledge base,2015-12-28,257,853
757,Thoughtworks,Organized interactive secured line,2015-12-19,258,870
758,Jayo,Quality-focused actuating portal,2016-03-28,259,887
759,LiveZ,Inverse content-based migration,2016-03-13,260,904
760,Flipopia,Persevering modular array,2017-06-05,261,921
761,Minyx,Monitored upward-trending paradigm,2015-02-02,262,938
762,Yakitri,Customizable dynamic challenge,2015-07-20,263,955
763,Demizz,Virtual logistical website,2017-07-31,264,972
764,Babbleblab,Multi-layered clear-thinking application,2016-08-05,265,989
765,Livetube,Extended interactive parallelism,2017-08-23,266,1006
766,Tavu,Balanced systematic orchestration,2017-07-29,267,1023
767,Mynte,Inverse heuristic matrix,2016-02-23,268,1040
768,Devpulse,Seamless dedicated secured line,2016-02-25,269,1057
769,Leexo,Business-focused explicit open system,2017-01-20,270,1074
770,Yozio,Mandatory discrete methodology,2015-12-25,271,1091
771,Fanoodle,Realigned intangible local area network,2015-01-14,272,1108
772,Eayo,Ergonomic demand-driven projection,2016-01-27,273,1125
773,Zoozzy,Function-based neutral secured line,2016-03-16,274,1142
774,Centidel,Advanced even-keeled structure,2015-09-07,275,1159
775,Trudoo,De-engineered global functionalities,2016-11-05,276,1176
776,Livepath,Monitored disintermediate projection,2016-04-13,277,1193
777,Skimia,Phased zero defect structure,2017-01-23,278,10
778,Zazio,Centralized 5th generation circuit,2017-05-18,279,27
779,Gevee,Open-architected demand-driven definition,2016-03-11,280,44
780,Dynazzy,Cloned modular encoding,2015-09-25,281,61
781,Ailane,Re-contextualized tangible task-force,2016-05-23,282,78
782,Yakitri,Vision-oriented responsive intranet,2016-08-26,283,95
783,Skinder,Re-engineered client-server initiative,2016-12-16,284,112
784,Zoomlounge,Profit-focused contextually-based database,2015-12-22,285,129
785,Jaxworks,Configurable high-level hub,2017-05-24,286,146
786,Chatterpoint,User-centric analyzing product,2017-02-06,287,163
787,Realfire,Inverse clear-thinking workforce,2015-10-22,288,180
788,Zoomlounge,Expanded coherent hub,2017-08-03,289,197
789,Snaptags,Reduced methodical access,2015-01-24,290,214
790,Plambee,De-engineered bandwidth-monitored superstructure,2015-12-18,291,231
791,Tagcat,Quality-focused homogeneous application,2017-08-15,292,248
792,Flashspan,Visionary zero tolerance groupware,2016-08-11,293,265
793,Chatterbridge,Exclusive cohesive challenge,2015-05-08,294,282
794,Jaxspan,Enterprise-wide interactive success,2016-03-20,295,299
795,Browsedrive,Configurable demand-driven firmware,2017-01-15,296,316
796,Twinder,Centralized high-level orchestration,2016-05-03,297,333
797,Zoonoodle,Fundamental value-added system engine,2015-12-14,298,350
798,Gabspot,Cross-group high-level moratorium,2015-08-19,299,367
799,Quire,Stand-alone exuding intranet,2017-05-16,300,384
800,Geba,Future-proofed maximized intranet,2015-05-12,301,401
801,Camimbo,Monitored analyzing encoding,2016-06-18,302,418
802,Bubblemix,De-engineered didactic interface,2016-12-26,303,435
803,Einti,Focused system-worthy attitude,2017-04-08,304,452
804,Livepath,Down-sized impactful synergy,2015-06-26,305,469
805,Cogibox,Profit-focused bifurcated database,2015-09-13,306,486
806,Mynte,Exclusive value-added hierarchy,2015-08-05,307,503
807,Lajo,Intuitive real-time leverage,2015-05-04,308,520
808,Meetz,Inverse homogeneous migration,2017-01-09,309,537
809,Aivee,Extended bifurcated concept,2016-09-26,310,554
810,Voomm,Re-contextualized national throughput,2017-04-26,311,571
811,Pixoboo,Vision-oriented multi-tasking definition,2016-08-22,312,588
812,Devcast,Self-enabling non-volatile neural-net,2015-02-23,313,605
813,Buzzbean,Quality-focused heuristic internet solution,2016-09-03,314,622
814,Tagopia,Advanced non-volatile website,2015-07-05,315,639
815,Skidoo,Optional 5th generation analyzer,2015-04-17,316,656
816,Pixoboo,Monitored coherent system engine,2015-10-06,317,673
817,Gigaclub,Face to face non-volatile access,2015-06-16,318,690
818,Tazz,Persistent mission-critical benchmark,2016-05-21,319,707
819,Realcube,Self-enabling motivating monitoring,2015-08-25,320,724
820,Quire,Pre-emptive global project,2016-10-13,321,741
821,Camido,Optional coherent throughput,2016-04-01,322,758
822,Zazio,Focused cohesive methodology,2015-04-04,323,775
823,Thoughtblab,Reactive tertiary support,2016-05-06,324,792
824,Skimia,Versatile 24 hour paradigm,2016-04-05,325,809
825,Yozio,Enhanced real-time challenge,2017-07-12,326,826
826,Photolist,Exclusive interactive capacity,2017-07-08,327,843
827,Centizu,Managed system-worthy middleware,2017-03-24,328,860
828,Bubblemix,Triple-buffered radical focus group,2016-12-09,329,877
829,Topicblab,User-centric static emulation,2016-09-29,330,894
830,Ntag,Exclusive foreground alliance,2017-05-10,331,911
831,Roombo,Versatile intangible hub,2017-04-28,332,928
832,Youtags,User-friendly asymmetric infrastructure,2017-06-07,333,945
833,Riffwire,Centralized holistic neural-net,2017-05-30,334,962
834,Skalith,Reduced discrete groupware,2017-07-24,335,979
835,Twimbo,Front-line coherent solution,2015-11-20,336,996
836,Janyx,Reduced motivating algorithm,2016-05-18,337,1013
837,Zava,Innovative well-modulated product,2015-04-27,338,1030
838,Tagopia,Organic well-modulated complexity,2016-02-04,339,1047
839,Eidel,Down-sized didactic adapter,2015-06-19,340,1064
840,Yamia,Visionary scalable concept,2017-03-06,341,1081
841,Skivee,Sharable asynchronous support,2015-07-26,342,1098
842,Meemm,Customizable 4th generation access,2015-01-18,343,1115
843,Buzzster,User-friendly executive emulation,2016-10-22,344,1132
844,Photobug,Business-focused clear-thinking customer loyalty,2016-06-15,345,1149
845,Trunyx,Distributed explicit hub,2016-07-24,346,1166
846,Skinix,Public-key dynamic access,2015-04-02,347,1183
847,Realcube,Digitized 6th generation service-desk,2015-05-07,348,1200
848,Centidel,Digitized bottom-line Graphical User Interface,2016-11-01,349,17
849,Ainyx,Sharable bifurcated pricing structure,2015-02-19,350,34
850,Jatri,Expanded upward-trending frame,2016-07-20,351,51
851,Realfire,Re-contextualized client-server initiative,2017-04-12,352,68
852,Ailane,Down-sized cohesive knowledge base,2017-04-14,353,85
853,Reallinks,Assimilated directional open architecture,2016-04-12,354,102
854,Browsezoom,Distributed encompassing standardization,2016-04-26,355,119
855,Buzzster,Adaptive bi-directional array,2017-01-15,356,136
856,Oozz,Fully-configurable client-driven local area network,2017-04-03,357,153
857,Meemm,Compatible foreground capability,2016-05-02,358,170
858,Oloo,Robust multimedia productivity,2015-02-11,359,187
859,Abata,Compatible foreground concept,2017-02-11,360,204
860,BlogXS,Upgradable uniform collaboration,2016-11-13,361,221
861,Pixope,User-centric fresh-thinking approach,2017-03-24,362,238
862,Skivee,Up-sized multimedia utilisation,2016-06-22,363,255
863,Quatz,Quality-focused mobile service-desk,2017-02-21,364,272
864,Divanoodle,Implemented human-resource hierarchy,2015-10-04,365,289
865,Kare,Open-architected background ability,2016-05-22,366,306
866,Jazzy,Upgradable client-driven instruction set,2016-11-22,367,323
867,Buzzdog,Public-key attitude-oriented emulation,2016-03-11,368,340
868,Gigabox,Focused multimedia hub,2015-02-20,369,357
869,Browseblab,Self-enabling even-keeled solution,2015-02-12,370,374
870,Lajo,De-engineered reciprocal system engine,2016-07-07,371,391
871,Linkbridge,Multi-lateral web-enabled orchestration,2017-07-28,372,408
872,Photolist,Persistent static internet solution,2015-05-30,373,425
873,Fivespan,Self-enabling web-enabled firmware,2017-08-04,374,442
874,Yombu,Assimilated methodical workforce,2015-10-16,375,459
875,Dabtype,Front-line asynchronous standardization,2017-01-20,376,476
876,Roomm,Realigned radical synergy,2017-07-14,377,493
877,Feedmix,De-engineered 3rd generation policy,2016-03-11,378,510
878,Skipfire,Enhanced motivating support,2015-08-18,379,527
879,Katz,Progressive cohesive service-desk,2016-12-13,380,544
880,Abatz,Polarised analyzing neural-net,2016-02-05,381,561
881,Shuffledrive,Balanced composite budgetary management,2015-01-28,382,578
882,Teklist,Ameliorated content-based instruction set,2016-09-06,383,595
883,Gabcube,Versatile hybrid knowledge user,2015-06-08,384,612
884,Feednation,Robust responsive array,2016-12-17,385,629
885,Zoonder,Grass-roots bifurcated collaboration,2016-03-01,386,646
886,Realbuzz,Persevering multi-state data-warehouse,2016-10-27,387,663
887,Rooxo,Business-focused even-keeled product,2015-05-19,388,680
888,Zoombox,Digitized 4th generation parallelism,2015-11-17,389,697
889,Rhycero,Fully-configurable attitude-oriented adapter,2015-07-13,390,714
890,Zoombox,Multi-layered transitional product,2016-08-18,391,731
891,Trudeo,Switchable human-resource function,2015-09-19,392,748
892,Skynoodle,Open-architected motivating solution,2015-03-24,393,765
893,Livetube,Reactive systemic conglomeration,2015-10-17,394,782
894,Vitz,Distributed bi-directional toolset,2017-03-07,395,799
895,Skibox,Open-source client-server moratorium,2015-03-10,396,816
896,Thoughtsphere,Inverse leading edge software,2016-11-27,397,833
897,Buzzdog,Synergized explicit intranet,2016-06-17,398,850
898,Buzzster,Enhanced heuristic focus group,2015-10-25,399,867
899,Bluejam,Optional grid-enabled workforce,2017-08-02,400,884
900,Realbridge,Business-focused 24/7 installation,2016-04-28,401,901
901,Aivee,Future-proofed object-oriented local area network,2016-10-30,402,918
902,Digitube,Horizontal directional customer loyalty,2016-05-31,403,935
903,Fivechat,Progressive optimal website,2016-02-09,404,952
904,Photobug,Team-oriented non-volatile protocol,2015-08-19,405,969
905,Thoughtworks,Assimilated regional system engine,2016-05-30,406,986
906,Meezzy,Versatile leading edge array,2016-11-28,407,1003
907,Skipfire,Intuitive human-resource standardization,2017-06-16,408,1020
908,Vidoo,Public-key homogeneous product,2017-04-21,409,1037
909,Skipfire,Reverse-engineered fault-tolerant hub,2017-08-03,410,1054
910,Youbridge,Fully-configurable methodical orchestration,2016-02-24,411,1071
911,Trudoo,Multi-tiered mobile parallelism,2015-09-23,412,1088
912,Feedfire,Versatile responsive contingency,2016-02-29,413,1105
913,Twitterbeat,Synergized mobile intranet,2016-06-16,414,1122
914,Cogilith,Enterprise-wide radical artificial intelligence,2016-09-17,415,1139
915,Voonte,Reduced next generation ability,2015-09-28,416,1156
916,Eazzy,Adaptive zero administration artificial intelligence,2017-07-22,417,1173
917,Agimba,Fully-configurable tangible orchestration,2015-06-18,418,1190
918,Gabvine,Assimilated logistical success,2015-03-14,419,7
919,Topdrive,Open-architected foreground synergy,2015-11-14,420,24
920,Jabbersphere,Adaptive radical concept,2017-05-23,421,41
921,Quinu,Front-line 24 hour capability,2015-08-04,422,58
922,Vidoo,User-friendly composite capability,2015-05-14,423,75
923,Mudo,Total clear-thinking toolset,2015-11-18,424,92
924,Realcube,Distributed holistic time-frame,2017-08-29,425,109
925,Tekfly,De-engineered static success,2015-05-31,426,126
926,Ntag,Customizable scalable productivity,2016-03-08,427,143
927,Quire,Reverse-engineered hybrid hardware,2016-11-29,428,160
928,Fatz,Customer-focused methodical customer loyalty,2015-11-06,429,177
929,Centidel,Operative clear-thinking policy,2017-08-03,430,194
930,Photobug,Monitored methodical circuit,2016-06-10,431,211
931,Bubblemix,Sharable heuristic leverage,2016-09-01,432,228
932,Trudeo,Automated regional throughput,2017-07-27,433,245
933,Jaxspan,Team-oriented upward-trending parallelism,2016-09-06,434,262
934,Tagtune,Enhanced zero defect secured line,2016-08-05,435,279
935,Flipopia,Focused logistical analyzer,2017-05-27,436,296
936,Skilith,Robust full-range strategy,2016-07-13,437,313
937,Jazzy,Integrated 24/7 encryption,2016-10-04,438,330
938,Pixope,Upgradable optimizing core,2017-06-12,439,347
939,Jetpulse,Ameliorated methodical solution,2017-04-05,440,364
940,Realmix,Stand-alone systemic system engine,2015-11-09,441,381
941,Edgeify,Front-line composite implementation,2016-07-14,442,398
942,Tekfly,Self-enabling bandwidth-monitored intranet,2017-08-19,443,415
943,Skipstorm,Advanced exuding Graphic Interface,2015-01-16,444,432
944,Zoomzone,Robust real-time protocol,2017-07-14,445,449
945,Skinix,Organic multimedia knowledge base,2015-07-24,446,466
946,Yacero,Object-based fault-tolerant data-warehouse,2015-08-08,447,483
947,Dazzlesphere,Balanced methodical Graphic Interface,2016-02-04,448,500
948,Katz,Open-architected dedicated system engine,2016-11-30,449,517
949,Aibox,Decentralized 3rd generation moderator,2015-05-26,450,534
950,Devpulse,Fully-configurable transitional internet solution,2015-12-03,451,551
951,Realcube,Stand-alone encompassing focus group,2017-01-19,452,568
952,Babblestorm,Business-focused asynchronous access,2016-04-24,453,585
953,Yoveo,Public-key regional adapter,2016-06-25,454,602
954,Skippad,Synergized zero administration array,2017-05-22,455,619
955,Twitterlist,Centralized systematic focus group,2015-01-11,456,636
956,Rhyloo,Operative context-sensitive product,2015-07-03,457,653
957,Jayo,Advanced executive support,2016-05-20,458,670
958,Skajo,Automated 24 hour interface,2015-07-29,459,687
959,Meevee,Synergistic system-worthy ability,2016-03-13,460,704
960,Jetwire,Visionary user-facing open architecture,2015-02-15,461,721
961,Meevee,Triple-buffered secondary matrices,2016-02-14,462,738
962,Roomm,Implemented 24 hour architecture,2015-07-11,463,755
963,Photobug,Reduced neutral interface,2017-05-01,464,772
964,Babbleset,Enhanced tertiary function,2017-03-08,465,789
965,Katz,Innovative fresh-thinking matrix,2015-03-13,466,806
966,Oloo,Integrated disintermediate superstructure,2015-01-19,467,823
967,Buzzshare,Mandatory next generation website,2016-08-12,468,840
968,Wikido,Triple-buffered systemic array,2016-03-03,469,857
969,Gigabox,Front-line client-driven toolset,2015-07-12,470,874
970,Youspan,Advanced 24/7 matrix,2017-05-18,471,891
971,Tazz,Secured actuating implementation,2015-06-22,472,908
972,Buzzshare,Customizable directional data-warehouse,2015-11-16,473,925
973,Wordify,Cross-platform hybrid framework,2015-02-12,474,942
974,Feedfire,Object-based neutral contingency,2015-11-27,475,959
975,Flipstorm,Public-key zero tolerance attitude,2015-03-23,476,976
976,Gigazoom,Distributed impactful groupware,2015-11-12,477,993
977,Oba,Universal homogeneous time-frame,2015-02-18,478,1010
978,Zoombox,Customer-focused didactic encoding,2015-12-17,479,1027
979,Dynabox,Organized bifurcated circuit,2017-01-14,480,1044
980,Mynte,Fundamental web-enabled capacity,2015-08-07,481,1061
981,Viva,User-friendly web-enabled local area network,2015-05-15,482,1078
982,Leenti,User-centric stable local area network,2017-01-15,483,1095
983,Myworks,Ergonomic encompassing toolset,2015-06-22,484,1112
984,Skiptube,Business-focused responsive local area network,2015-04-08,485,1129
985,Aimbu,Advanced multimedia secured line,2016-01-16,486,1146
986,Photobean,Realigned coherent internet solution,2016-01-27,487,1163
987,Thoughtblab,Synchronised 3rd generation contingency,2015-02-11,488,1180
988,Voolia,Diverse mission-critical protocol,2015-12-10,489,1197
989,Topicblab,Vision-oriented tertiary synergy,2016-03-08,490,14
990,Katz,Total actuating encryption,2015-09-11,491,31
991,Katz,Cross-group 4th generation framework,2016-07-13,492,48
992,Babblestorm,Fully-configurable cohesive pricing structure,2015-06-25,493,65
993,Feednation,Progressive tangible open architecture,2015-10-02,494,82
994,Ainyx,Synergized holistic model,2015-04-09,495,99
995,Browsetype,Streamlined web-enabled access,2016-02-23,496,116
996,Linklinks,Advanced asynchronous strategy,2015-10-11,497,133
997,Bubblemix,Switchable motivating application,2017-05-03,498,150
998,Shuffletag,Networked content-based info-mediaries,2015-07-14,499,167
999,Chatterbridge,Customizable foreground emulation,2017-01-03,500,184
1000,Agivu,Vision-oriented grid-enabled data-warehouse,2016-10-24,1,201